rule_type,value,tag,sources,group,scope,evidence,source
call,SP1-JTI-CS-,core,,,,Clean Sky 1 — appels du JU aéronautique FP7 (SP1-JTI-CS-2009-01 à 2013-03) : le financeur est l'aéronautique elle-même,CORDIS (codes d'appel FP7 Clean Sky)
call,H2020-IBA-CS2-GAMS-,core,,,,"Clean Sky 2 — les conventions aux MEMBRES (GAM) qui portent les ITD Airframe, Engines, Systems, Fast Rotorcraft, Large Passenger Aircraft et éco-conception ; préfixe vérifié PUR le 2026-08-18 (2 codes, 18 projets, tous Clean Sky 2) et pris au niveau le plus étroit — le voisinage H2020-IBA- porte ARF, CHAIR, GEOSS, NCP sans rapport (I7)",CORDIS (codes d'appel H2020 Clean Sky 2 GAM)
call,JTI-CS-,core,,,,Clean Sky 1 — conventions de subvention aux membres (JTI-CS-GAM) : les ITD moteurs voilure systèmes régional rotorcraft,CORDIS (codes d'appel FP7 Clean Sky GAM)
call,H2020-CS2-,core,,,,Clean Sky 2 — les onze appels à propositions du JU (CFP01 à CFP11),CORDIS (codes d'appel H2020 Clean Sky 2)
call,HORIZON-JU-Clean-Aviation-,core,,,,Clean Aviation — le JU successeur (2022 2023 2025) : démonstrateurs open fan hydrogène hybride,CORDIS (codes d'appel Horizon Clean Aviation)
call,FP7-AAT-,core,,,,FP7 Aeronautics and Air Transport — le volet aéronautique du 7e PC,CORDIS (codes d'appel FP7-AAT)
call,H2020-SESAR-,core,,,,SESAR 2020 — la recherche ATM européenne ; l'ATM est une composante du système aéronautique (arbitrage F1),CORDIS (codes d'appel H2020 SESAR)
call,HORIZON-SESAR-,core,,,,SESAR 3 / Digital European Sky — la suite du programme ATM (arbitrage F1),CORDIS (codes d'appel Horizon SESAR)
candidate,/25/75/461/1239/1737,core,,av-aircraft,,"euroSciVoc « aircraft » — candidat TAXONOMIQUE : le concept ouvre un pool sans taguer seul (62 % de justesse en revue des 200). Corroboré par le titre ET par le corps du résumé (hors titre), il atteint 100 % sur les 37 cas revus qu'il retient. Classe du résultat : taxonomique confirmée — jamais structurelle (I6)",euroSciVoc (code) + revue des 200 (2026-08-18)
confirm,aircraft,,cordis,av-aircraft,title,Corroboration par le TITRE — il dit le SUJET du projet. Asymétrie mesurée : « aircraft » au résumé ne vaut que 74 % (l'aviation y est souvent un exemple : « one example being engine cooling in the aviation industry »),revue des 200 (2026-08-18)
confirm,aviation,,cordis,av-aircraft,title,Corroboration par le TITRE — il dit le SUJET du projet. Asymétrie mesurée : « aircraft » au résumé ne vaut que 74 % (l'aviation y est souvent un exemple : « one example being engine cooling in the aviation industry »),revue des 200 (2026-08-18)
confirm,aeronautic,,cordis,av-aircraft,title,Corroboration par le TITRE — il dit le SUJET du projet. Asymétrie mesurée : « aircraft » au résumé ne vaut que 74 % (l'aviation y est souvent un exemple : « one example being engine cooling in the aviation industry »),revue des 200 (2026-08-18)
confirm,aeronautical,,cordis,av-aircraft,title,Corroboration par le TITRE — il dit le SUJET du projet. Asymétrie mesurée : « aircraft » au résumé ne vaut que 74 % (l'aviation y est souvent un exemple : « one example being engine cooling in the aviation industry »),revue des 200 (2026-08-18)
confirm,airframe,,cordis,av-aircraft,title,Corroboration par le TITRE — il dit le SUJET du projet. Asymétrie mesurée : « aircraft » au résumé ne vaut que 74 % (l'aviation y est souvent un exemple : « one example being engine cooling in the aviation industry »),revue des 200 (2026-08-18)
confirm,airborne,,cordis,av-aircraft,title,Corroboration par le TITRE — il dit le SUJET du projet. Asymétrie mesurée : « aircraft » au résumé ne vaut que 74 % (l'aviation y est souvent un exemple : « one example being engine cooling in the aviation industry »),revue des 200 (2026-08-18)
confirm,airport,,cordis,av-aircraft,title,Corroboration par le TITRE — il dit le SUJET du projet. Asymétrie mesurée : « aircraft » au résumé ne vaut que 74 % (l'aviation y est souvent un exemple : « one example being engine cooling in the aviation industry »),revue des 200 (2026-08-18)
confirm,air traffic,,cordis,av-aircraft,title,Corroboration par le TITRE — il dit le SUJET du projet. Asymétrie mesurée : « aircraft » au résumé ne vaut que 74 % (l'aviation y est souvent un exemple : « one example being engine cooling in the aviation industry »),revue des 200 (2026-08-18)
confirm,air transport,,cordis,av-aircraft,title,Corroboration par le TITRE — il dit le SUJET du projet. Asymétrie mesurée : « aircraft » au résumé ne vaut que 74 % (l'aviation y est souvent un exemple : « one example being engine cooling in the aviation industry »),revue des 200 (2026-08-18)
confirm,rotorcraft,,cordis,av-aircraft,title,Corroboration par le TITRE — il dit le SUJET du projet. Asymétrie mesurée : « aircraft » au résumé ne vaut que 74 % (l'aviation y est souvent un exemple : « one example being engine cooling in the aviation industry »),revue des 200 (2026-08-18)
confirm,helicopter,,cordis,av-aircraft,title,Corroboration par le TITRE — il dit le SUJET du projet. Asymétrie mesurée : « aircraft » au résumé ne vaut que 74 % (l'aviation y est souvent un exemple : « one example being engine cooling in the aviation industry »),revue des 200 (2026-08-18)
confirm,tiltrotor,,cordis,av-aircraft,title,Corroboration par le TITRE — il dit le SUJET du projet. Asymétrie mesurée : « aircraft » au résumé ne vaut que 74 % (l'aviation y est souvent un exemple : « one example being engine cooling in the aviation industry »),revue des 200 (2026-08-18)
confirm,unmanned aerial,,cordis,av-aircraft,title,Corroboration par le TITRE — il dit le SUJET du projet. Asymétrie mesurée : « aircraft » au résumé ne vaut que 74 % (l'aviation y est souvent un exemple : « one example being engine cooling in the aviation industry »),revue des 200 (2026-08-18)
confirm,unmanned aircraft,,cordis,av-aircraft,title,Corroboration par le TITRE — il dit le SUJET du projet. Asymétrie mesurée : « aircraft » au résumé ne vaut que 74 % (l'aviation y est souvent un exemple : « one example being engine cooling in the aviation industry »),revue des 200 (2026-08-18)
confirm,vertical take-off,,cordis,av-aircraft,title,Corroboration par le TITRE — il dit le SUJET du projet. Asymétrie mesurée : « aircraft » au résumé ne vaut que 74 % (l'aviation y est souvent un exemple : « one example being engine cooling in the aviation industry »),revue des 200 (2026-08-18)
confirm,drones,,cordis,av-aircraft,title,Corroboration par le TITRE — il dit le SUJET du projet. Asymétrie mesurée : « aircraft » au résumé ne vaut que 74 % (l'aviation y est souvent un exemple : « one example being engine cooling in the aviation industry »),revue des 200 (2026-08-18)
confirm,multicopter,,cordis,av-aircraft,title,Corroboration par le TITRE — il dit le SUJET du projet. Asymétrie mesurée : « aircraft » au résumé ne vaut que 74 % (l'aviation y est souvent un exemple : « one example being engine cooling in the aviation industry »),revue des 200 (2026-08-18)
confirm,quadcopter,,cordis,av-aircraft,title,Corroboration par le TITRE — il dit le SUJET du projet. Asymétrie mesurée : « aircraft » au résumé ne vaut que 74 % (l'aviation y est souvent un exemple : « one example being engine cooling in the aviation industry »),revue des 200 (2026-08-18)
confirm,flight,,cordis,av-aircraft,title,Corroboration par le TITRE — il dit le SUJET du projet. Asymétrie mesurée : « aircraft » au résumé ne vaut que 74 % (l'aviation y est souvent un exemple : « one example being engine cooling in the aviation industry »),revue des 200 (2026-08-18)
confirm,fuselage,,cordis,av-aircraft,title,Corroboration par le TITRE — il dit le SUJET du projet. Asymétrie mesurée : « aircraft » au résumé ne vaut que 74 % (l'aviation y est souvent un exemple : « one example being engine cooling in the aviation industry »),revue des 200 (2026-08-18)
confirm,nacelle,,cordis,av-aircraft,title,Corroboration par le TITRE — il dit le SUJET du projet. Asymétrie mesurée : « aircraft » au résumé ne vaut que 74 % (l'aviation y est souvent un exemple : « one example being engine cooling in the aviation industry »),revue des 200 (2026-08-18)
confirm,turbofan,,cordis,av-aircraft,title,Corroboration par le TITRE — il dit le SUJET du projet. Asymétrie mesurée : « aircraft » au résumé ne vaut que 74 % (l'aviation y est souvent un exemple : « one example being engine cooling in the aviation industry »),revue des 200 (2026-08-18)
confirm,turboprop,,cordis,av-aircraft,title,Corroboration par le TITRE — il dit le SUJET du projet. Asymétrie mesurée : « aircraft » au résumé ne vaut que 74 % (l'aviation y est souvent un exemple : « one example being engine cooling in the aviation industry »),revue des 200 (2026-08-18)
confirm,avionic,,cordis,av-aircraft,title,Corroboration par le TITRE — il dit le SUJET du projet. Asymétrie mesurée : « aircraft » au résumé ne vaut que 74 % (l'aviation y est souvent un exemple : « one example being engine cooling in the aviation industry »),revue des 200 (2026-08-18)
confirm,cockpit,,cordis,av-aircraft,title,Corroboration par le TITRE — il dit le SUJET du projet. Asymétrie mesurée : « aircraft » au résumé ne vaut que 74 % (l'aviation y est souvent un exemple : « one example being engine cooling in the aviation industry »),revue des 200 (2026-08-18)
confirm,airline,,cordis,av-aircraft,title,Corroboration par le TITRE — il dit le SUJET du projet. Asymétrie mesurée : « aircraft » au résumé ne vaut que 74 % (l'aviation y est souvent un exemple : « one example being engine cooling in the aviation industry »),revue des 200 (2026-08-18)
confirm,aviation,,cordis,av-aircraft,body_text,"Corroboration par le CORPS du texte — l'objectif SEUL, hors titre : croiser le titre avec titre+résumé ne prouverait rien, le motif du titre satisferait les deux lectures. Motif mesuré ≥ 90 % de justesse sur les 200 revus",revue des 200 (2026-08-18)
confirm,airframe,,cordis,av-aircraft,body_text,"Corroboration par le CORPS du texte — l'objectif SEUL, hors titre : croiser le titre avec titre+résumé ne prouverait rien, le motif du titre satisferait les deux lectures. Motif mesuré ≥ 90 % de justesse sur les 200 revus",revue des 200 (2026-08-18)
confirm,air traffic,,cordis,av-aircraft,body_text,"Corroboration par le CORPS du texte — l'objectif SEUL, hors titre : croiser le titre avec titre+résumé ne prouverait rien, le motif du titre satisferait les deux lectures. Motif mesuré ≥ 90 % de justesse sur les 200 revus",revue des 200 (2026-08-18)
confirm,air transport,,cordis,av-aircraft,body_text,"Corroboration par le CORPS du texte — l'objectif SEUL, hors titre : croiser le titre avec titre+résumé ne prouverait rien, le motif du titre satisferait les deux lectures. Motif mesuré ≥ 90 % de justesse sur les 200 revus",revue des 200 (2026-08-18)
confirm,airline,,cordis,av-aircraft,body_text,"Corroboration par le CORPS du texte — l'objectif SEUL, hors titre : croiser le titre avec titre+résumé ne prouverait rien, le motif du titre satisferait les deux lectures. Motif mesuré ≥ 90 % de justesse sur les 200 revus",revue des 200 (2026-08-18)
confirm,landing,,cordis,av-aircraft,body_text,"Corroboration par le CORPS du texte — l'objectif SEUL, hors titre : croiser le titre avec titre+résumé ne prouverait rien, le motif du titre satisferait les deux lectures. Motif mesuré ≥ 90 % de justesse sur les 200 revus",revue des 200 (2026-08-18)
confirm,rotorcraft,,cordis,av-aircraft,body_text,"Corroboration par le CORPS du texte — l'objectif SEUL, hors titre : croiser le titre avec titre+résumé ne prouverait rien, le motif du titre satisferait les deux lectures. Motif mesuré ≥ 90 % de justesse sur les 200 revus",revue des 200 (2026-08-18)
confirm,aeronautical engineering,,cordis,av-aircraft,body_text,"Corroboration par le CORPS du texte — l'objectif SEUL, hors titre : croiser le titre avec titre+résumé ne prouverait rien, le motif du titre satisferait les deux lectures. Motif mesuré ≥ 90 % de justesse sur les 200 revus",revue des 200 (2026-08-18)
confirm,turbofan,,cordis,av-aircraft,body_text,"Corroboration par le CORPS du texte — l'objectif SEUL, hors titre : croiser le titre avec titre+résumé ne prouverait rien, le motif du titre satisferait les deux lectures. Motif mesuré ≥ 90 % de justesse sur les 200 revus",revue des 200 (2026-08-18)
confirm,turboprop,,cordis,av-aircraft,body_text,"Corroboration par le CORPS du texte — l'objectif SEUL, hors titre : croiser le titre avec titre+résumé ne prouverait rien, le motif du titre satisferait les deux lectures. Motif mesuré ≥ 90 % de justesse sur les 200 revus",revue des 200 (2026-08-18)
confirm,avionic,,cordis,av-aircraft,body_text,"Corroboration par le CORPS du texte — l'objectif SEUL, hors titre : croiser le titre avec titre+résumé ne prouverait rien, le motif du titre satisferait les deux lectures. Motif mesuré ≥ 90 % de justesse sur les 200 revus",revue des 200 (2026-08-18)
confirm,cockpit,,cordis,av-aircraft,body_text,"Corroboration par le CORPS du texte — l'objectif SEUL, hors titre : croiser le titre avec titre+résumé ne prouverait rien, le motif du titre satisferait les deux lectures. Motif mesuré ≥ 90 % de justesse sur les 200 revus",revue des 200 (2026-08-18)
confirm,airworthiness,,cordis,av-aircraft,body_text,"Corroboration par le CORPS du texte — l'objectif SEUL, hors titre : croiser le titre avec titre+résumé ne prouverait rien, le motif du titre satisferait les deux lectures. Motif mesuré ≥ 90 % de justesse sur les 200 revus",revue des 200 (2026-08-18)
confirm,unmanned aerial,,cordis,av-aircraft,body_text,"Corroboration par le CORPS du texte — l'objectif SEUL, hors titre : croiser le titre avec titre+résumé ne prouverait rien, le motif du titre satisferait les deux lectures. Motif mesuré ≥ 90 % de justesse sur les 200 revus",revue des 200 (2026-08-18)
confirm,unmanned aircraft,,cordis,av-aircraft,body_text,"Corroboration par le CORPS du texte — l'objectif SEUL, hors titre : croiser le titre avec titre+résumé ne prouverait rien, le motif du titre satisferait les deux lectures. Motif mesuré ≥ 90 % de justesse sur les 200 revus",revue des 200 (2026-08-18)
confirm,air navigation,,cordis,av-aircraft,body_text,"Corroboration par le CORPS du texte — l'objectif SEUL, hors titre : croiser le titre avec titre+résumé ne prouverait rien, le motif du titre satisferait les deux lectures. Motif mesuré ≥ 90 % de justesse sur les 200 revus",revue des 200 (2026-08-18)
confirm,flight test,,cordis,av-aircraft,body_text,"Corroboration par le CORPS du texte — l'objectif SEUL, hors titre : croiser le titre avec titre+résumé ne prouverait rien, le motif du titre satisferait les deux lectures. Motif mesuré ≥ 90 % de justesse sur les 200 revus",revue des 200 (2026-08-18)
candidate,/25/75/461/1239/1741,core,,av-aeronautical-engineering,,"euroSciVoc « aeronautical engineering » — candidat TAXONOMIQUE : le concept ouvre un pool sans taguer seul (47 % de justesse en revue des 200). Corroboré par le titre ET par le corps du résumé (hors titre), il atteint 100 % sur les 7 cas revus qu'il retient. Classe du résultat : taxonomique confirmée — jamais structurelle (I6)",euroSciVoc (code) + revue des 200 (2026-08-18)
confirm,aircraft,,cordis,av-aeronautical-engineering,title,Corroboration par le TITRE — il dit le SUJET du projet. Asymétrie mesurée : « aircraft » au résumé ne vaut que 74 % (l'aviation y est souvent un exemple : « one example being engine cooling in the aviation industry »),revue des 200 (2026-08-18)
confirm,aviation,,cordis,av-aeronautical-engineering,title,Corroboration par le TITRE — il dit le SUJET du projet. Asymétrie mesurée : « aircraft » au résumé ne vaut que 74 % (l'aviation y est souvent un exemple : « one example being engine cooling in the aviation industry »),revue des 200 (2026-08-18)
confirm,aeronautic,,cordis,av-aeronautical-engineering,title,Corroboration par le TITRE — il dit le SUJET du projet. Asymétrie mesurée : « aircraft » au résumé ne vaut que 74 % (l'aviation y est souvent un exemple : « one example being engine cooling in the aviation industry »),revue des 200 (2026-08-18)
confirm,aeronautical,,cordis,av-aeronautical-engineering,title,Corroboration par le TITRE — il dit le SUJET du projet. Asymétrie mesurée : « aircraft » au résumé ne vaut que 74 % (l'aviation y est souvent un exemple : « one example being engine cooling in the aviation industry »),revue des 200 (2026-08-18)
confirm,airframe,,cordis,av-aeronautical-engineering,title,Corroboration par le TITRE — il dit le SUJET du projet. Asymétrie mesurée : « aircraft » au résumé ne vaut que 74 % (l'aviation y est souvent un exemple : « one example being engine cooling in the aviation industry »),revue des 200 (2026-08-18)
confirm,airborne,,cordis,av-aeronautical-engineering,title,Corroboration par le TITRE — il dit le SUJET du projet. Asymétrie mesurée : « aircraft » au résumé ne vaut que 74 % (l'aviation y est souvent un exemple : « one example being engine cooling in the aviation industry »),revue des 200 (2026-08-18)
confirm,airport,,cordis,av-aeronautical-engineering,title,Corroboration par le TITRE — il dit le SUJET du projet. Asymétrie mesurée : « aircraft » au résumé ne vaut que 74 % (l'aviation y est souvent un exemple : « one example being engine cooling in the aviation industry »),revue des 200 (2026-08-18)
confirm,air traffic,,cordis,av-aeronautical-engineering,title,Corroboration par le TITRE — il dit le SUJET du projet. Asymétrie mesurée : « aircraft » au résumé ne vaut que 74 % (l'aviation y est souvent un exemple : « one example being engine cooling in the aviation industry »),revue des 200 (2026-08-18)
confirm,air transport,,cordis,av-aeronautical-engineering,title,Corroboration par le TITRE — il dit le SUJET du projet. Asymétrie mesurée : « aircraft » au résumé ne vaut que 74 % (l'aviation y est souvent un exemple : « one example being engine cooling in the aviation industry »),revue des 200 (2026-08-18)
confirm,rotorcraft,,cordis,av-aeronautical-engineering,title,Corroboration par le TITRE — il dit le SUJET du projet. Asymétrie mesurée : « aircraft » au résumé ne vaut que 74 % (l'aviation y est souvent un exemple : « one example being engine cooling in the aviation industry »),revue des 200 (2026-08-18)
confirm,helicopter,,cordis,av-aeronautical-engineering,title,Corroboration par le TITRE — il dit le SUJET du projet. Asymétrie mesurée : « aircraft » au résumé ne vaut que 74 % (l'aviation y est souvent un exemple : « one example being engine cooling in the aviation industry »),revue des 200 (2026-08-18)
confirm,tiltrotor,,cordis,av-aeronautical-engineering,title,Corroboration par le TITRE — il dit le SUJET du projet. Asymétrie mesurée : « aircraft » au résumé ne vaut que 74 % (l'aviation y est souvent un exemple : « one example being engine cooling in the aviation industry »),revue des 200 (2026-08-18)
confirm,unmanned aerial,,cordis,av-aeronautical-engineering,title,Corroboration par le TITRE — il dit le SUJET du projet. Asymétrie mesurée : « aircraft » au résumé ne vaut que 74 % (l'aviation y est souvent un exemple : « one example being engine cooling in the aviation industry »),revue des 200 (2026-08-18)
confirm,unmanned aircraft,,cordis,av-aeronautical-engineering,title,Corroboration par le TITRE — il dit le SUJET du projet. Asymétrie mesurée : « aircraft » au résumé ne vaut que 74 % (l'aviation y est souvent un exemple : « one example being engine cooling in the aviation industry »),revue des 200 (2026-08-18)
confirm,vertical take-off,,cordis,av-aeronautical-engineering,title,Corroboration par le TITRE — il dit le SUJET du projet. Asymétrie mesurée : « aircraft » au résumé ne vaut que 74 % (l'aviation y est souvent un exemple : « one example being engine cooling in the aviation industry »),revue des 200 (2026-08-18)
confirm,drones,,cordis,av-aeronautical-engineering,title,Corroboration par le TITRE — il dit le SUJET du projet. Asymétrie mesurée : « aircraft » au résumé ne vaut que 74 % (l'aviation y est souvent un exemple : « one example being engine cooling in the aviation industry »),revue des 200 (2026-08-18)
confirm,multicopter,,cordis,av-aeronautical-engineering,title,Corroboration par le TITRE — il dit le SUJET du projet. Asymétrie mesurée : « aircraft » au résumé ne vaut que 74 % (l'aviation y est souvent un exemple : « one example being engine cooling in the aviation industry »),revue des 200 (2026-08-18)
confirm,quadcopter,,cordis,av-aeronautical-engineering,title,Corroboration par le TITRE — il dit le SUJET du projet. Asymétrie mesurée : « aircraft » au résumé ne vaut que 74 % (l'aviation y est souvent un exemple : « one example being engine cooling in the aviation industry »),revue des 200 (2026-08-18)
confirm,flight,,cordis,av-aeronautical-engineering,title,Corroboration par le TITRE — il dit le SUJET du projet. Asymétrie mesurée : « aircraft » au résumé ne vaut que 74 % (l'aviation y est souvent un exemple : « one example being engine cooling in the aviation industry »),revue des 200 (2026-08-18)
confirm,fuselage,,cordis,av-aeronautical-engineering,title,Corroboration par le TITRE — il dit le SUJET du projet. Asymétrie mesurée : « aircraft » au résumé ne vaut que 74 % (l'aviation y est souvent un exemple : « one example being engine cooling in the aviation industry »),revue des 200 (2026-08-18)
confirm,nacelle,,cordis,av-aeronautical-engineering,title,Corroboration par le TITRE — il dit le SUJET du projet. Asymétrie mesurée : « aircraft » au résumé ne vaut que 74 % (l'aviation y est souvent un exemple : « one example being engine cooling in the aviation industry »),revue des 200 (2026-08-18)
confirm,turbofan,,cordis,av-aeronautical-engineering,title,Corroboration par le TITRE — il dit le SUJET du projet. Asymétrie mesurée : « aircraft » au résumé ne vaut que 74 % (l'aviation y est souvent un exemple : « one example being engine cooling in the aviation industry »),revue des 200 (2026-08-18)
confirm,turboprop,,cordis,av-aeronautical-engineering,title,Corroboration par le TITRE — il dit le SUJET du projet. Asymétrie mesurée : « aircraft » au résumé ne vaut que 74 % (l'aviation y est souvent un exemple : « one example being engine cooling in the aviation industry »),revue des 200 (2026-08-18)
confirm,avionic,,cordis,av-aeronautical-engineering,title,Corroboration par le TITRE — il dit le SUJET du projet. Asymétrie mesurée : « aircraft » au résumé ne vaut que 74 % (l'aviation y est souvent un exemple : « one example being engine cooling in the aviation industry »),revue des 200 (2026-08-18)
confirm,cockpit,,cordis,av-aeronautical-engineering,title,Corroboration par le TITRE — il dit le SUJET du projet. Asymétrie mesurée : « aircraft » au résumé ne vaut que 74 % (l'aviation y est souvent un exemple : « one example being engine cooling in the aviation industry »),revue des 200 (2026-08-18)
confirm,airline,,cordis,av-aeronautical-engineering,title,Corroboration par le TITRE — il dit le SUJET du projet. Asymétrie mesurée : « aircraft » au résumé ne vaut que 74 % (l'aviation y est souvent un exemple : « one example being engine cooling in the aviation industry »),revue des 200 (2026-08-18)
confirm,aviation,,cordis,av-aeronautical-engineering,body_text,"Corroboration par le CORPS du texte — l'objectif SEUL, hors titre : croiser le titre avec titre+résumé ne prouverait rien, le motif du titre satisferait les deux lectures. Motif mesuré ≥ 90 % de justesse sur les 200 revus",revue des 200 (2026-08-18)
confirm,airframe,,cordis,av-aeronautical-engineering,body_text,"Corroboration par le CORPS du texte — l'objectif SEUL, hors titre : croiser le titre avec titre+résumé ne prouverait rien, le motif du titre satisferait les deux lectures. Motif mesuré ≥ 90 % de justesse sur les 200 revus",revue des 200 (2026-08-18)
confirm,air traffic,,cordis,av-aeronautical-engineering,body_text,"Corroboration par le CORPS du texte — l'objectif SEUL, hors titre : croiser le titre avec titre+résumé ne prouverait rien, le motif du titre satisferait les deux lectures. Motif mesuré ≥ 90 % de justesse sur les 200 revus",revue des 200 (2026-08-18)
confirm,air transport,,cordis,av-aeronautical-engineering,body_text,"Corroboration par le CORPS du texte — l'objectif SEUL, hors titre : croiser le titre avec titre+résumé ne prouverait rien, le motif du titre satisferait les deux lectures. Motif mesuré ≥ 90 % de justesse sur les 200 revus",revue des 200 (2026-08-18)
confirm,airline,,cordis,av-aeronautical-engineering,body_text,"Corroboration par le CORPS du texte — l'objectif SEUL, hors titre : croiser le titre avec titre+résumé ne prouverait rien, le motif du titre satisferait les deux lectures. Motif mesuré ≥ 90 % de justesse sur les 200 revus",revue des 200 (2026-08-18)
confirm,landing,,cordis,av-aeronautical-engineering,body_text,"Corroboration par le CORPS du texte — l'objectif SEUL, hors titre : croiser le titre avec titre+résumé ne prouverait rien, le motif du titre satisferait les deux lectures. Motif mesuré ≥ 90 % de justesse sur les 200 revus",revue des 200 (2026-08-18)
confirm,rotorcraft,,cordis,av-aeronautical-engineering,body_text,"Corroboration par le CORPS du texte — l'objectif SEUL, hors titre : croiser le titre avec titre+résumé ne prouverait rien, le motif du titre satisferait les deux lectures. Motif mesuré ≥ 90 % de justesse sur les 200 revus",revue des 200 (2026-08-18)
confirm,aeronautical engineering,,cordis,av-aeronautical-engineering,body_text,"Corroboration par le CORPS du texte — l'objectif SEUL, hors titre : croiser le titre avec titre+résumé ne prouverait rien, le motif du titre satisferait les deux lectures. Motif mesuré ≥ 90 % de justesse sur les 200 revus",revue des 200 (2026-08-18)
confirm,turbofan,,cordis,av-aeronautical-engineering,body_text,"Corroboration par le CORPS du texte — l'objectif SEUL, hors titre : croiser le titre avec titre+résumé ne prouverait rien, le motif du titre satisferait les deux lectures. Motif mesuré ≥ 90 % de justesse sur les 200 revus",revue des 200 (2026-08-18)
confirm,turboprop,,cordis,av-aeronautical-engineering,body_text,"Corroboration par le CORPS du texte — l'objectif SEUL, hors titre : croiser le titre avec titre+résumé ne prouverait rien, le motif du titre satisferait les deux lectures. Motif mesuré ≥ 90 % de justesse sur les 200 revus",revue des 200 (2026-08-18)
confirm,avionic,,cordis,av-aeronautical-engineering,body_text,"Corroboration par le CORPS du texte — l'objectif SEUL, hors titre : croiser le titre avec titre+résumé ne prouverait rien, le motif du titre satisferait les deux lectures. Motif mesuré ≥ 90 % de justesse sur les 200 revus",revue des 200 (2026-08-18)
confirm,cockpit,,cordis,av-aeronautical-engineering,body_text,"Corroboration par le CORPS du texte — l'objectif SEUL, hors titre : croiser le titre avec titre+résumé ne prouverait rien, le motif du titre satisferait les deux lectures. Motif mesuré ≥ 90 % de justesse sur les 200 revus",revue des 200 (2026-08-18)
confirm,airworthiness,,cordis,av-aeronautical-engineering,body_text,"Corroboration par le CORPS du texte — l'objectif SEUL, hors titre : croiser le titre avec titre+résumé ne prouverait rien, le motif du titre satisferait les deux lectures. Motif mesuré ≥ 90 % de justesse sur les 200 revus",revue des 200 (2026-08-18)
confirm,unmanned aerial,,cordis,av-aeronautical-engineering,body_text,"Corroboration par le CORPS du texte — l'objectif SEUL, hors titre : croiser le titre avec titre+résumé ne prouverait rien, le motif du titre satisferait les deux lectures. Motif mesuré ≥ 90 % de justesse sur les 200 revus",revue des 200 (2026-08-18)
confirm,unmanned aircraft,,cordis,av-aeronautical-engineering,body_text,"Corroboration par le CORPS du texte — l'objectif SEUL, hors titre : croiser le titre avec titre+résumé ne prouverait rien, le motif du titre satisferait les deux lectures. Motif mesuré ≥ 90 % de justesse sur les 200 revus",revue des 200 (2026-08-18)
confirm,air navigation,,cordis,av-aeronautical-engineering,body_text,"Corroboration par le CORPS du texte — l'objectif SEUL, hors titre : croiser le titre avec titre+résumé ne prouverait rien, le motif du titre satisferait les deux lectures. Motif mesuré ≥ 90 % de justesse sur les 200 revus",revue des 200 (2026-08-18)
confirm,flight test,,cordis,av-aeronautical-engineering,body_text,"Corroboration par le CORPS du texte — l'objectif SEUL, hors titre : croiser le titre avec titre+résumé ne prouverait rien, le motif du titre satisferait les deux lectures. Motif mesuré ≥ 90 % de justesse sur les 200 revus",revue des 200 (2026-08-18)
candidate,/25/75/461/1239/1737/1829,core,,av-rotorcraft,,"euroSciVoc « rotorcraft » — candidat TAXONOMIQUE : le concept ouvre un pool sans taguer seul (73 % de justesse en revue des 200). Corroboré par le titre ET par le corps du résumé (hors titre), il atteint 100 % sur les 12 cas revus qu'il retient. Classe du résultat : taxonomique confirmée — jamais structurelle (I6)",euroSciVoc (code) + revue des 200 (2026-08-18)
confirm,aircraft,,cordis,av-rotorcraft,title,Corroboration par le TITRE — il dit le SUJET du projet. Asymétrie mesurée : « aircraft » au résumé ne vaut que 74 % (l'aviation y est souvent un exemple : « one example being engine cooling in the aviation industry »),revue des 200 (2026-08-18)
confirm,aviation,,cordis,av-rotorcraft,title,Corroboration par le TITRE — il dit le SUJET du projet. Asymétrie mesurée : « aircraft » au résumé ne vaut que 74 % (l'aviation y est souvent un exemple : « one example being engine cooling in the aviation industry »),revue des 200 (2026-08-18)
confirm,aeronautic,,cordis,av-rotorcraft,title,Corroboration par le TITRE — il dit le SUJET du projet. Asymétrie mesurée : « aircraft » au résumé ne vaut que 74 % (l'aviation y est souvent un exemple : « one example being engine cooling in the aviation industry »),revue des 200 (2026-08-18)
confirm,aeronautical,,cordis,av-rotorcraft,title,Corroboration par le TITRE — il dit le SUJET du projet. Asymétrie mesurée : « aircraft » au résumé ne vaut que 74 % (l'aviation y est souvent un exemple : « one example being engine cooling in the aviation industry »),revue des 200 (2026-08-18)
confirm,airframe,,cordis,av-rotorcraft,title,Corroboration par le TITRE — il dit le SUJET du projet. Asymétrie mesurée : « aircraft » au résumé ne vaut que 74 % (l'aviation y est souvent un exemple : « one example being engine cooling in the aviation industry »),revue des 200 (2026-08-18)
confirm,airborne,,cordis,av-rotorcraft,title,Corroboration par le TITRE — il dit le SUJET du projet. Asymétrie mesurée : « aircraft » au résumé ne vaut que 74 % (l'aviation y est souvent un exemple : « one example being engine cooling in the aviation industry »),revue des 200 (2026-08-18)
confirm,airport,,cordis,av-rotorcraft,title,Corroboration par le TITRE — il dit le SUJET du projet. Asymétrie mesurée : « aircraft » au résumé ne vaut que 74 % (l'aviation y est souvent un exemple : « one example being engine cooling in the aviation industry »),revue des 200 (2026-08-18)
confirm,air traffic,,cordis,av-rotorcraft,title,Corroboration par le TITRE — il dit le SUJET du projet. Asymétrie mesurée : « aircraft » au résumé ne vaut que 74 % (l'aviation y est souvent un exemple : « one example being engine cooling in the aviation industry »),revue des 200 (2026-08-18)
confirm,air transport,,cordis,av-rotorcraft,title,Corroboration par le TITRE — il dit le SUJET du projet. Asymétrie mesurée : « aircraft » au résumé ne vaut que 74 % (l'aviation y est souvent un exemple : « one example being engine cooling in the aviation industry »),revue des 200 (2026-08-18)
confirm,rotorcraft,,cordis,av-rotorcraft,title,Corroboration par le TITRE — il dit le SUJET du projet. Asymétrie mesurée : « aircraft » au résumé ne vaut que 74 % (l'aviation y est souvent un exemple : « one example being engine cooling in the aviation industry »),revue des 200 (2026-08-18)
confirm,helicopter,,cordis,av-rotorcraft,title,Corroboration par le TITRE — il dit le SUJET du projet. Asymétrie mesurée : « aircraft » au résumé ne vaut que 74 % (l'aviation y est souvent un exemple : « one example being engine cooling in the aviation industry »),revue des 200 (2026-08-18)
confirm,tiltrotor,,cordis,av-rotorcraft,title,Corroboration par le TITRE — il dit le SUJET du projet. Asymétrie mesurée : « aircraft » au résumé ne vaut que 74 % (l'aviation y est souvent un exemple : « one example being engine cooling in the aviation industry »),revue des 200 (2026-08-18)
confirm,unmanned aerial,,cordis,av-rotorcraft,title,Corroboration par le TITRE — il dit le SUJET du projet. Asymétrie mesurée : « aircraft » au résumé ne vaut que 74 % (l'aviation y est souvent un exemple : « one example being engine cooling in the aviation industry »),revue des 200 (2026-08-18)
confirm,unmanned aircraft,,cordis,av-rotorcraft,title,Corroboration par le TITRE — il dit le SUJET du projet. Asymétrie mesurée : « aircraft » au résumé ne vaut que 74 % (l'aviation y est souvent un exemple : « one example being engine cooling in the aviation industry »),revue des 200 (2026-08-18)
confirm,vertical take-off,,cordis,av-rotorcraft,title,Corroboration par le TITRE — il dit le SUJET du projet. Asymétrie mesurée : « aircraft » au résumé ne vaut que 74 % (l'aviation y est souvent un exemple : « one example being engine cooling in the aviation industry »),revue des 200 (2026-08-18)
confirm,drones,,cordis,av-rotorcraft,title,Corroboration par le TITRE — il dit le SUJET du projet. Asymétrie mesurée : « aircraft » au résumé ne vaut que 74 % (l'aviation y est souvent un exemple : « one example being engine cooling in the aviation industry »),revue des 200 (2026-08-18)
confirm,multicopter,,cordis,av-rotorcraft,title,Corroboration par le TITRE — il dit le SUJET du projet. Asymétrie mesurée : « aircraft » au résumé ne vaut que 74 % (l'aviation y est souvent un exemple : « one example being engine cooling in the aviation industry »),revue des 200 (2026-08-18)
confirm,quadcopter,,cordis,av-rotorcraft,title,Corroboration par le TITRE — il dit le SUJET du projet. Asymétrie mesurée : « aircraft » au résumé ne vaut que 74 % (l'aviation y est souvent un exemple : « one example being engine cooling in the aviation industry »),revue des 200 (2026-08-18)
confirm,flight,,cordis,av-rotorcraft,title,Corroboration par le TITRE — il dit le SUJET du projet. Asymétrie mesurée : « aircraft » au résumé ne vaut que 74 % (l'aviation y est souvent un exemple : « one example being engine cooling in the aviation industry »),revue des 200 (2026-08-18)
confirm,fuselage,,cordis,av-rotorcraft,title,Corroboration par le TITRE — il dit le SUJET du projet. Asymétrie mesurée : « aircraft » au résumé ne vaut que 74 % (l'aviation y est souvent un exemple : « one example being engine cooling in the aviation industry »),revue des 200 (2026-08-18)
confirm,nacelle,,cordis,av-rotorcraft,title,Corroboration par le TITRE — il dit le SUJET du projet. Asymétrie mesurée : « aircraft » au résumé ne vaut que 74 % (l'aviation y est souvent un exemple : « one example being engine cooling in the aviation industry »),revue des 200 (2026-08-18)
confirm,turbofan,,cordis,av-rotorcraft,title,Corroboration par le TITRE — il dit le SUJET du projet. Asymétrie mesurée : « aircraft » au résumé ne vaut que 74 % (l'aviation y est souvent un exemple : « one example being engine cooling in the aviation industry »),revue des 200 (2026-08-18)
confirm,turboprop,,cordis,av-rotorcraft,title,Corroboration par le TITRE — il dit le SUJET du projet. Asymétrie mesurée : « aircraft » au résumé ne vaut que 74 % (l'aviation y est souvent un exemple : « one example being engine cooling in the aviation industry »),revue des 200 (2026-08-18)
confirm,avionic,,cordis,av-rotorcraft,title,Corroboration par le TITRE — il dit le SUJET du projet. Asymétrie mesurée : « aircraft » au résumé ne vaut que 74 % (l'aviation y est souvent un exemple : « one example being engine cooling in the aviation industry »),revue des 200 (2026-08-18)
confirm,cockpit,,cordis,av-rotorcraft,title,Corroboration par le TITRE — il dit le SUJET du projet. Asymétrie mesurée : « aircraft » au résumé ne vaut que 74 % (l'aviation y est souvent un exemple : « one example being engine cooling in the aviation industry »),revue des 200 (2026-08-18)
confirm,airline,,cordis,av-rotorcraft,title,Corroboration par le TITRE — il dit le SUJET du projet. Asymétrie mesurée : « aircraft » au résumé ne vaut que 74 % (l'aviation y est souvent un exemple : « one example being engine cooling in the aviation industry »),revue des 200 (2026-08-18)
confirm,aviation,,cordis,av-rotorcraft,body_text,"Corroboration par le CORPS du texte — l'objectif SEUL, hors titre : croiser le titre avec titre+résumé ne prouverait rien, le motif du titre satisferait les deux lectures. Motif mesuré ≥ 90 % de justesse sur les 200 revus",revue des 200 (2026-08-18)
confirm,airframe,,cordis,av-rotorcraft,body_text,"Corroboration par le CORPS du texte — l'objectif SEUL, hors titre : croiser le titre avec titre+résumé ne prouverait rien, le motif du titre satisferait les deux lectures. Motif mesuré ≥ 90 % de justesse sur les 200 revus",revue des 200 (2026-08-18)
confirm,air traffic,,cordis,av-rotorcraft,body_text,"Corroboration par le CORPS du texte — l'objectif SEUL, hors titre : croiser le titre avec titre+résumé ne prouverait rien, le motif du titre satisferait les deux lectures. Motif mesuré ≥ 90 % de justesse sur les 200 revus",revue des 200 (2026-08-18)
confirm,air transport,,cordis,av-rotorcraft,body_text,"Corroboration par le CORPS du texte — l'objectif SEUL, hors titre : croiser le titre avec titre+résumé ne prouverait rien, le motif du titre satisferait les deux lectures. Motif mesuré ≥ 90 % de justesse sur les 200 revus",revue des 200 (2026-08-18)
confirm,airline,,cordis,av-rotorcraft,body_text,"Corroboration par le CORPS du texte — l'objectif SEUL, hors titre : croiser le titre avec titre+résumé ne prouverait rien, le motif du titre satisferait les deux lectures. Motif mesuré ≥ 90 % de justesse sur les 200 revus",revue des 200 (2026-08-18)
confirm,landing,,cordis,av-rotorcraft,body_text,"Corroboration par le CORPS du texte — l'objectif SEUL, hors titre : croiser le titre avec titre+résumé ne prouverait rien, le motif du titre satisferait les deux lectures. Motif mesuré ≥ 90 % de justesse sur les 200 revus",revue des 200 (2026-08-18)
confirm,rotorcraft,,cordis,av-rotorcraft,body_text,"Corroboration par le CORPS du texte — l'objectif SEUL, hors titre : croiser le titre avec titre+résumé ne prouverait rien, le motif du titre satisferait les deux lectures. Motif mesuré ≥ 90 % de justesse sur les 200 revus",revue des 200 (2026-08-18)
confirm,aeronautical engineering,,cordis,av-rotorcraft,body_text,"Corroboration par le CORPS du texte — l'objectif SEUL, hors titre : croiser le titre avec titre+résumé ne prouverait rien, le motif du titre satisferait les deux lectures. Motif mesuré ≥ 90 % de justesse sur les 200 revus",revue des 200 (2026-08-18)
confirm,turbofan,,cordis,av-rotorcraft,body_text,"Corroboration par le CORPS du texte — l'objectif SEUL, hors titre : croiser le titre avec titre+résumé ne prouverait rien, le motif du titre satisferait les deux lectures. Motif mesuré ≥ 90 % de justesse sur les 200 revus",revue des 200 (2026-08-18)
confirm,turboprop,,cordis,av-rotorcraft,body_text,"Corroboration par le CORPS du texte — l'objectif SEUL, hors titre : croiser le titre avec titre+résumé ne prouverait rien, le motif du titre satisferait les deux lectures. Motif mesuré ≥ 90 % de justesse sur les 200 revus",revue des 200 (2026-08-18)
confirm,avionic,,cordis,av-rotorcraft,body_text,"Corroboration par le CORPS du texte — l'objectif SEUL, hors titre : croiser le titre avec titre+résumé ne prouverait rien, le motif du titre satisferait les deux lectures. Motif mesuré ≥ 90 % de justesse sur les 200 revus",revue des 200 (2026-08-18)
confirm,cockpit,,cordis,av-rotorcraft,body_text,"Corroboration par le CORPS du texte — l'objectif SEUL, hors titre : croiser le titre avec titre+résumé ne prouverait rien, le motif du titre satisferait les deux lectures. Motif mesuré ≥ 90 % de justesse sur les 200 revus",revue des 200 (2026-08-18)
confirm,airworthiness,,cordis,av-rotorcraft,body_text,"Corroboration par le CORPS du texte — l'objectif SEUL, hors titre : croiser le titre avec titre+résumé ne prouverait rien, le motif du titre satisferait les deux lectures. Motif mesuré ≥ 90 % de justesse sur les 200 revus",revue des 200 (2026-08-18)
confirm,unmanned aerial,,cordis,av-rotorcraft,body_text,"Corroboration par le CORPS du texte — l'objectif SEUL, hors titre : croiser le titre avec titre+résumé ne prouverait rien, le motif du titre satisferait les deux lectures. Motif mesuré ≥ 90 % de justesse sur les 200 revus",revue des 200 (2026-08-18)
confirm,unmanned aircraft,,cordis,av-rotorcraft,body_text,"Corroboration par le CORPS du texte — l'objectif SEUL, hors titre : croiser le titre avec titre+résumé ne prouverait rien, le motif du titre satisferait les deux lectures. Motif mesuré ≥ 90 % de justesse sur les 200 revus",revue des 200 (2026-08-18)
confirm,air navigation,,cordis,av-rotorcraft,body_text,"Corroboration par le CORPS du texte — l'objectif SEUL, hors titre : croiser le titre avec titre+résumé ne prouverait rien, le motif du titre satisferait les deux lectures. Motif mesuré ≥ 90 % de justesse sur les 200 revus",revue des 200 (2026-08-18)
confirm,flight test,,cordis,av-rotorcraft,body_text,"Corroboration par le CORPS du texte — l'objectif SEUL, hors titre : croiser le titre avec titre+résumé ne prouverait rien, le motif du titre satisferait les deux lectures. Motif mesuré ≥ 90 % de justesse sur les 200 revus",revue des 200 (2026-08-18)
confirm,maintenance,,cordis,av-aircraft,body_text,"Corroboration par le CORPS, recalibrée CONDITIONNELLEMENT — P(core | candidat + titre fort + motif) et non plus en signal autonome : 10 admis, 100 % core ; 4 entrants neufs, 4 core, 0 excluded","revue des 200, mesure conditionnelle (2026-08-18)"
confirm,certification,,cordis,av-aircraft,body_text,"Corroboration par le CORPS, recalibrée CONDITIONNELLEMENT — P(core | candidat + titre fort + motif) et non plus en signal autonome : 12 admis, 100 % core ; 3 entrants neufs, 3 core, 0 excluded","revue des 200, mesure conditionnelle (2026-08-18)"
confirm,air vehicle,,cordis,av-aircraft,body_text,"Corroboration par le CORPS, recalibrée CONDITIONNELLEMENT — P(core | candidat + titre fort + motif) et non plus en signal autonome : 1 admis, 100 % core ; 1 entrant neuf, core","revue des 200, mesure conditionnelle (2026-08-18)"
confirm,token:drone,,cordis,av-aircraft,body_text,"Corroboration par le CORPS, recalibrée CONDITIONNELLEMENT — P(core | candidat + titre fort + motif) et non plus en signal autonome : avec « drones » : 11 admis, 100 % core ; 3 entrants neufs, 3 core, 0 excluded","revue des 200, mesure conditionnelle (2026-08-18)"
confirm,token:drones,,cordis,av-aircraft,body_text,"Corroboration par le CORPS, recalibrée CONDITIONNELLEMENT — P(core | candidat + titre fort + motif) et non plus en signal autonome : avec « drone » : 11 admis, 100 % core ; 3 entrants neufs, 3 core, 0 excluded","revue des 200, mesure conditionnelle (2026-08-18)"
confirm,token:icao,,cordis,av-aircraft,body_text,"Corroboration par le CORPS, recalibrée CONDITIONNELLEMENT — P(core | candidat + titre fort + motif) et non plus en signal autonome : 2 admis, 100 % core ; 1 entrant neuf, core (CaBilAvi revient)","revue des 200, mesure conditionnelle (2026-08-18)"
confirm,token:sesar,,cordis,av-aircraft,body_text,"Corroboration par le CORPS, recalibrée CONDITIONNELLEMENT — P(core | candidat + titre fort + motif) et non plus en signal autonome : 4 admis, 100 % core ; 1 entrant neuf, core","revue des 200, mesure conditionnelle (2026-08-18)"
confirm,token:mro,,cordis,av-aircraft,body_text,"Corroboration par le CORPS, recalibrée CONDITIONNELLEMENT — P(core | candidat + titre fort + motif) et non plus en signal autonome : 1 admis, 100 % core ; 1 entrant neuf, core","revue des 200, mesure conditionnelle (2026-08-18)"
confirm,token:rpas,,cordis,av-aircraft,body_text,"Corroboration par le CORPS, recalibrée CONDITIONNELLEMENT — P(core | candidat + titre fort + motif) et non plus en signal autonome : 1 admis, 100 % core ; 1 entrant neuf, core","revue des 200, mesure conditionnelle (2026-08-18)"
confirm,token:uav,,cordis,av-aircraft,body_text,"Corroboration par le CORPS, recalibrée CONDITIONNELLEMENT — P(core | candidat + titre fort + motif) et non plus en signal autonome : 3 admis, 100 % core ; 0 entrant neuf sur les 200 — propre, gain nul en échantillon","revue des 200, mesure conditionnelle (2026-08-18)"
confirm,token:vtol,,cordis,av-aircraft,body_text,"Corroboration par le CORPS, recalibrée CONDITIONNELLEMENT — P(core | candidat + titre fort + motif) et non plus en signal autonome : 1 admis, 100 % core ; 0 entrant neuf sur les 200 — propre, gain nul en échantillon","revue des 200, mesure conditionnelle (2026-08-18)"
confirm,token:easa,,cordis,av-aircraft,body_text,"Corroboration par le CORPS, recalibrée CONDITIONNELLEMENT — P(core | candidat + titre fort + motif) et non plus en signal autonome : 2 admis, 100 % core ; 0 entrant neuf sur les 200 — propre, gain nul en échantillon","revue des 200, mesure conditionnelle (2026-08-18)"
confirm,maintenance,,cordis,av-aeronautical-engineering,body_text,"Corroboration par le CORPS, recalibrée CONDITIONNELLEMENT — P(core | candidat + titre fort + motif) et non plus en signal autonome : 10 admis, 100 % core ; 4 entrants neufs, 4 core, 0 excluded","revue des 200, mesure conditionnelle (2026-08-18)"
confirm,certification,,cordis,av-aeronautical-engineering,body_text,"Corroboration par le CORPS, recalibrée CONDITIONNELLEMENT — P(core | candidat + titre fort + motif) et non plus en signal autonome : 12 admis, 100 % core ; 3 entrants neufs, 3 core, 0 excluded","revue des 200, mesure conditionnelle (2026-08-18)"
confirm,air vehicle,,cordis,av-aeronautical-engineering,body_text,"Corroboration par le CORPS, recalibrée CONDITIONNELLEMENT — P(core | candidat + titre fort + motif) et non plus en signal autonome : 1 admis, 100 % core ; 1 entrant neuf, core","revue des 200, mesure conditionnelle (2026-08-18)"
confirm,token:drone,,cordis,av-aeronautical-engineering,body_text,"Corroboration par le CORPS, recalibrée CONDITIONNELLEMENT — P(core | candidat + titre fort + motif) et non plus en signal autonome : avec « drones » : 11 admis, 100 % core ; 3 entrants neufs, 3 core, 0 excluded","revue des 200, mesure conditionnelle (2026-08-18)"
confirm,token:drones,,cordis,av-aeronautical-engineering,body_text,"Corroboration par le CORPS, recalibrée CONDITIONNELLEMENT — P(core | candidat + titre fort + motif) et non plus en signal autonome : avec « drone » : 11 admis, 100 % core ; 3 entrants neufs, 3 core, 0 excluded","revue des 200, mesure conditionnelle (2026-08-18)"
confirm,token:icao,,cordis,av-aeronautical-engineering,body_text,"Corroboration par le CORPS, recalibrée CONDITIONNELLEMENT — P(core | candidat + titre fort + motif) et non plus en signal autonome : 2 admis, 100 % core ; 1 entrant neuf, core (CaBilAvi revient)","revue des 200, mesure conditionnelle (2026-08-18)"
confirm,token:sesar,,cordis,av-aeronautical-engineering,body_text,"Corroboration par le CORPS, recalibrée CONDITIONNELLEMENT — P(core | candidat + titre fort + motif) et non plus en signal autonome : 4 admis, 100 % core ; 1 entrant neuf, core","revue des 200, mesure conditionnelle (2026-08-18)"
confirm,token:mro,,cordis,av-aeronautical-engineering,body_text,"Corroboration par le CORPS, recalibrée CONDITIONNELLEMENT — P(core | candidat + titre fort + motif) et non plus en signal autonome : 1 admis, 100 % core ; 1 entrant neuf, core","revue des 200, mesure conditionnelle (2026-08-18)"
confirm,token:rpas,,cordis,av-aeronautical-engineering,body_text,"Corroboration par le CORPS, recalibrée CONDITIONNELLEMENT — P(core | candidat + titre fort + motif) et non plus en signal autonome : 1 admis, 100 % core ; 1 entrant neuf, core","revue des 200, mesure conditionnelle (2026-08-18)"
confirm,token:uav,,cordis,av-aeronautical-engineering,body_text,"Corroboration par le CORPS, recalibrée CONDITIONNELLEMENT — P(core | candidat + titre fort + motif) et non plus en signal autonome : 3 admis, 100 % core ; 0 entrant neuf sur les 200 — propre, gain nul en échantillon","revue des 200, mesure conditionnelle (2026-08-18)"
confirm,token:vtol,,cordis,av-aeronautical-engineering,body_text,"Corroboration par le CORPS, recalibrée CONDITIONNELLEMENT — P(core | candidat + titre fort + motif) et non plus en signal autonome : 1 admis, 100 % core ; 0 entrant neuf sur les 200 — propre, gain nul en échantillon","revue des 200, mesure conditionnelle (2026-08-18)"
confirm,token:easa,,cordis,av-aeronautical-engineering,body_text,"Corroboration par le CORPS, recalibrée CONDITIONNELLEMENT — P(core | candidat + titre fort + motif) et non plus en signal autonome : 2 admis, 100 % core ; 0 entrant neuf sur les 200 — propre, gain nul en échantillon","revue des 200, mesure conditionnelle (2026-08-18)"
confirm,maintenance,,cordis,av-rotorcraft,body_text,"Corroboration par le CORPS, recalibrée CONDITIONNELLEMENT — P(core | candidat + titre fort + motif) et non plus en signal autonome : 10 admis, 100 % core ; 4 entrants neufs, 4 core, 0 excluded","revue des 200, mesure conditionnelle (2026-08-18)"
confirm,certification,,cordis,av-rotorcraft,body_text,"Corroboration par le CORPS, recalibrée CONDITIONNELLEMENT — P(core | candidat + titre fort + motif) et non plus en signal autonome : 12 admis, 100 % core ; 3 entrants neufs, 3 core, 0 excluded","revue des 200, mesure conditionnelle (2026-08-18)"
confirm,air vehicle,,cordis,av-rotorcraft,body_text,"Corroboration par le CORPS, recalibrée CONDITIONNELLEMENT — P(core | candidat + titre fort + motif) et non plus en signal autonome : 1 admis, 100 % core ; 1 entrant neuf, core","revue des 200, mesure conditionnelle (2026-08-18)"
confirm,token:drone,,cordis,av-rotorcraft,body_text,"Corroboration par le CORPS, recalibrée CONDITIONNELLEMENT — P(core | candidat + titre fort + motif) et non plus en signal autonome : avec « drones » : 11 admis, 100 % core ; 3 entrants neufs, 3 core, 0 excluded","revue des 200, mesure conditionnelle (2026-08-18)"
confirm,token:drones,,cordis,av-rotorcraft,body_text,"Corroboration par le CORPS, recalibrée CONDITIONNELLEMENT — P(core | candidat + titre fort + motif) et non plus en signal autonome : avec « drone » : 11 admis, 100 % core ; 3 entrants neufs, 3 core, 0 excluded","revue des 200, mesure conditionnelle (2026-08-18)"
confirm,token:icao,,cordis,av-rotorcraft,body_text,"Corroboration par le CORPS, recalibrée CONDITIONNELLEMENT — P(core | candidat + titre fort + motif) et non plus en signal autonome : 2 admis, 100 % core ; 1 entrant neuf, core (CaBilAvi revient)","revue des 200, mesure conditionnelle (2026-08-18)"
confirm,token:sesar,,cordis,av-rotorcraft,body_text,"Corroboration par le CORPS, recalibrée CONDITIONNELLEMENT — P(core | candidat + titre fort + motif) et non plus en signal autonome : 4 admis, 100 % core ; 1 entrant neuf, core","revue des 200, mesure conditionnelle (2026-08-18)"
confirm,token:mro,,cordis,av-rotorcraft,body_text,"Corroboration par le CORPS, recalibrée CONDITIONNELLEMENT — P(core | candidat + titre fort + motif) et non plus en signal autonome : 1 admis, 100 % core ; 1 entrant neuf, core","revue des 200, mesure conditionnelle (2026-08-18)"
confirm,token:rpas,,cordis,av-rotorcraft,body_text,"Corroboration par le CORPS, recalibrée CONDITIONNELLEMENT — P(core | candidat + titre fort + motif) et non plus en signal autonome : 1 admis, 100 % core ; 1 entrant neuf, core","revue des 200, mesure conditionnelle (2026-08-18)"
confirm,token:uav,,cordis,av-rotorcraft,body_text,"Corroboration par le CORPS, recalibrée CONDITIONNELLEMENT — P(core | candidat + titre fort + motif) et non plus en signal autonome : 3 admis, 100 % core ; 0 entrant neuf sur les 200 — propre, gain nul en échantillon","revue des 200, mesure conditionnelle (2026-08-18)"
confirm,token:vtol,,cordis,av-rotorcraft,body_text,"Corroboration par le CORPS, recalibrée CONDITIONNELLEMENT — P(core | candidat + titre fort + motif) et non plus en signal autonome : 1 admis, 100 % core ; 0 entrant neuf sur les 200 — propre, gain nul en échantillon","revue des 200, mesure conditionnelle (2026-08-18)"
confirm,token:easa,,cordis,av-rotorcraft,body_text,"Corroboration par le CORPS, recalibrée CONDITIONNELLEMENT — P(core | candidat + titre fort + motif) et non plus en signal autonome : 2 admis, 100 % core ; 0 entrant neuf sur les 200 — propre, gain nul en échantillon","revue des 200, mesure conditionnelle (2026-08-18)"
project,641553,enabling,cordis,,,"HITECA — adjugé habilitant en revue V2-A (I13, le multisectoriel constitutif de l'objet) : condensateurs haute température pour l'électronique de puissance grand gap (SiC/GaN) ; l'aviation est UN débouché au même rang que l'automobile et l'énergie. Entré core par l'appel Clean Sky (SP1-JTI-CS-) ; la revue requalifie le degré sans contester l'entrée. Décision de publication : Charlotte, 2026-08-20","revue V2-A (docs/curation/a1-v2a-revue-aveugle-revue-chatgpt.csv, 2026-08-19)"
project,754660,enabling,cordis,,,"MOTIVATE — adjugé habilitant en revue V2-A (I13) : méthodologie d'essais structurels croisant environnements virtuels et physiques pour le développement produit en général ; la méthode est l'objet, le sous-composant d'avion son terrain de démonstration. Entré core par l'appel Clean Sky 2 (H2020-CS2-) ; la revue requalifie le degré. Décision de publication : Charlotte, 2026-08-20","revue V2-A (docs/curation/a1-v2a-revue-aveugle-revue-chatgpt.csv, 2026-08-19)"
project,101114815,core,cordis,,,"MultiModX — examiné en revue V2-A (proposé habilitant, I13 multimodal) et MAINTENU core par décision de Charlotte (2026-08-20) : la revue de publication prime sur l'adjudication V2-A. Planification coordonnée air-rail centrée passager — l'aérien y est constitutif. Gravé pour que la question ne se repose pas","décision de revue de publication (Charlotte, 2026-08-20), sur dossier du lot 1"
