n,concept,source_id,acronym,appel,meur,titre,resume_court,label_propose,raison
1,aircraft,690608,AMOS,H2020-MG-2015_SingleStage-A,1.40,Additive Manufacturing Optimization and Simulation Platform for repairing and re-manufacturing of aerospace components,This research project focuses on several key Direct Energy Deposition (DED) Additive Manufacturing (AM) processes that have great potential to be used as cost-effective and efficie,borderline,Fabrication additive DED généraliste — aucun débouché aviation déclaré dans le texte
2,aircraft,101073037,IN-NOVA,HORIZON-MSCA-2021-DN-01,2.52,Active reduction of noise transmitted into and from enclosures through encapsulated structures,"To better reduce exposure of people to noise and increase their acoustic comfort, innovative noise barriers should be developed. The overarching aim of IN-NOVA is to provide a top-",excluded,"Barrières acoustiques et bruit d'enceintes — acoustique générale, pas d'aéronef"
3,aircraft,101130915,AQUARIUS,HORIZON-INFRA-2023-SERV-01,14.50,"Aqua Research Infrastructure Services for the health and protection of our unique, oceans, seas and freshwater ecosystems",AQUARIUS will provide a highly comprehensive suite of integrated research infrastructures appropriate to addressing significant challenges for the long-term sustainability of our u,excluded,Infrastructures de recherche aquacole — hors sujet
4,aircraft,774918,HYBPRO,H2020-SMEINST-1-2016-2017,0.05,HYBRID PROPULSION FOR AVIATION,"Currently, the light aircraft industry lacks the means to retrofit aircrafts with hybrid technology. This shortcoming leads to ahost of problems, of the most significant include: h",core,Propulsion hybride pour avions légers : rétrofit d'aéronefs
5,aircraft,101147312,SAGELI,HORIZON-CL5-2023-D2-02,4.98,ADVANCED SAFER MATERIALS AND HIGH PERFORMING CELLS FOR THE NEXT GENERATION OF LI-ION BATTERIES SUITABLE FOR MOBILITY APPLICATIONS,"SAGELi aims to develop safer materials and cells that meet Batteries Europe’s 2030 targets for safety, performance, lifetime, sustainability and cost including EUCAR level <3. SAGE",excluded,Cellules et matériaux de batteries (cibles Batteries Europe)
6,aircraft,787674,DRIVER GLASS,H2020-SMEINST-1-2016-2017,0.05,Terrestrial Traffic Mixed Reality Navigation,"Augmented Reality and Virtual Reality technology is driving the evolution of the automotive industry, where OEMs consider this field a point of interest for both increased road saf",excluded,Réalité augmentée pour l'automobile
7,aircraft,868389,ROBIRD,H2020-SMEInst-2018-2020-1,0.05,A truly and unique robotic bird of prey for a long-term effective and safe bird control management of airports,The aviation industry spends up to 7 billion euros per year on bird strike damage and delays and there is an average of more than twenty thousand bird strikes annually. Bird activi,core,Oiseau-robot de dissuasion : développe l'aéronef ET sert les opérations aéroportuaires
8,aircraft,727420,TC2D,ERC-2016-PoC,0.13,2D nanomaterials-based composite films for more efficient thermal conduction,The aim of this proposal is to determine the economic and technical feasibility of using readily scalable technologies for the development of inexpensive and high performance solut,excluded,Films nanocomposites pour gestion thermique — sans débouché aviation déclaré
9,aircraft,642121,FULLCOMP,H2020-MSCA-ITN-2014,3.10,"FULLY INTEGRATED ANALYSIS, DESIGN, MANUFACTURING AND HEALTH-MONITORING OF COMPOSITE STRUCTURES","Composite structures are massively exploited in many engineering fields. For instance, the state-of-the-art civil aircraft (B787 and A350) are mostly made of composite materials. T",enabling,"Composites : l'avion civil (B787, A350) est le débouché explicite du réseau"
10,aircraft,748945,NESTOR,H2020-MSCA-IF-2016,0.25,Next gEneration Sequence sTORage,"Sequential data are everywhere, from DNA sequences to astronomical light curves, and from aircraft engine monitoring data to the prices of stock options. Recent advances in various",excluded,Stockage de séquences ; les données moteur ne sont qu'un exemple parmi d'autres
11,aircraft,276943,SPRINT,FP7-PEOPLE-2010-RG,0.05,SPRiNT - Smart Panels for the Reduction of Noise Transmission,Significant components of the interior noise in high speed vehicles are caused by the Turbulent Boundary Layer (TBL) disturbances which are inherently random and broadband. In fact,borderline,Panneaux anti-bruit pour véhicules rapides — l'aéronef n'est pas nommé
12,aircraft,101053309,NABUCCO,ERC-2021-ADG,2.34,New Adaptive and BUCkling-driven COmposite aerospace structures,"The NABUCCO project aims to develop radically new concepts of adaptive and buckling-driven composite structures for next generation aircraft. In aeronautics, buckling is generally ",core,Structures composites adaptatives pour l'avion de prochaine génération
13,aircraft,101188572,ERA,HORIZON-EIC-2024-ACCELERATOR-02,2.50,ERA - Electric Regional Aircraft,"ERA is an hybrid electric aircraft, propelled by electric engines that are powered by the electricity supplied by batteries and/or the turbogenerators located at the aft of the air",core,Avion régional électrique
14,aircraft,101129952,BEALIVE,HORIZON-EIC-2023-PATHFINDEROPEN-01,2.50,Bioinspired Electroactive Aeronautical multiscale LIVE-skin,"Inspired from the highly efficient aerodynamics of birds, the versatility of the jelly-moon fringes, the manta ray and sharks, the multidisciplinary project BEALIVE introduces a ne",core,Peau aéronautique électroactive bio-inspirée pour aéronef
15,aircraft,673505,Aerowash II,H2020-SMEINST-1-2014,0.05,InnovAtive automatic battERy pOwered WASHing robot for the aviation industry – Aerowash II,"Nordic Ground Support Equipment AB (NGSE) plans to install 5 to 10 demonstration units of the world´s first fully automatic, battery powered aircraft washing robot, at 3 to 5 diffe",enabling,"Robot de lavage d'avions : équipement d'assistance au sol, l'aviation est le débouché"
16,aircraft,101018998,LOSFARE,H2020-MSCA-IF-2020,0.21,Law of the Sea and Hybrid Warfare,LOSFARE focuses on the practice of States in imposing navigational restrictions on foreign ships and aircraft in densely navigated maritime regions in the context of hybrid warfare,excluded,Droit de la mer et guerre hybride
17,aircraft,862308,ProExcer,ERC-2019-PoC,0.15,Projectile exciter for noiseless environment,"Noise is not just a nuisance; it affects our health. No accepted financial data exist for the treatment costs of noise-related health problems, but several studies prove its direct",excluded,Excitateur acoustique — nuisance sonore générale
18,aircraft,723515,INCEPTION,H2020-MG-2016-Two-Stages,2.39,Incremental Nonlinear flight Control supplemented with Envelope ProtecTION techniques,Recent developments in the areas of nonlinear control theory and sensor technology paved the way to the derivation of flight control laws that are significantly less dependent on n,core,Lois de commande de vol non linéaires et protection du domaine de vol
19,aircraft,101206621,RESET,HORIZON-MSCA-2024-PF-01,0.22,REthinking in-flight icing modelS validation through intEgrated uncerTainty analysis,"In-flight icing is a dangerous phenomenon that poses significant risks to aircraft safety, resulting from the accumulation of ice on surfaces due to supercooled water droplets. Thi",core,Givrage en vol : sécurité et navigabilité de l'aéronef
20,aircraft,769896,RUMBLE,H2020-MG-2017-SingleStage-INEA,5.04,RegUlation and norM for low sonic Boom LEvels,"Nearly 15 years after the last commercial supersonic flight, the quick evolution of technology combined with the emergence of ambitious industrial projects indicate that a second e",core,Bang supersonique : normes pour l'avion supersonique
21,aircraft,737135,NANOARCHITECTRONICS,H2020-FETOPEN-2-2016,0.67,NANOARCHITECTRONICS,This FET-open Coordination and Support Action is called “Nanoarchitectronics” (NTX) to denote a new interdisciplinary research area at the crossroad of Electromagnetics and Nanoele,excluded,Nanoarchitectronique — recherche fondamentale FET
22,aircraft,641627,CaBilAvi,H2020-Galileo-2014-1,1.86,"Capacity building for aviation stakeholders, inside and outside the EU","The CaBilAvi consortium proposes a team of complementary skills, mixing experienced staff (GNSS Center of Excellence, Pildo Labs, Aeroclub de Sabadell, Amezen, CATC) with rightly c",core,Renforcement des capacités des acteurs de l'AVIATION autour d'EGNSS
23,aircraft,673887,Airport IQ,H2020-SMEINST-2-2014,1.23,Situation-Aware Mobile Platform for Airport Collaborative Decision-Making,The economic costs of aircraft delays in Europe have been estimated at 1.25Bn Euros per year. Aircraft delays also result in environmental costs: aircraft holding or queuing with e,core,Décision collaborative aéroportuaire : opérations aériennes
24,aircraft,690808,SHEFAE 2,H2020-MG-2015_SingleStage-A,1.34,Surface Heat Exchangers For Aero Engines 2,The Project aim is to develop and demonstrate lighter integrated heat exchanger systems for the turbofan engine. Currently in turbofan engines heat exchangers are used to cool the ,core,Échangeurs de chaleur surfaciques pour moteurs d'avion
25,aircraft,101106842,ADeHEx,HORIZON-MSCA-2022-PF-01,0.23,Advanced Design of Heat Exchangers using multiscale models and machine learning,"Heat exchangers (HXs) are at the heart of many energy systems, one example being engine cooling in the aviation industry. Advanced design of HXs is urgent since aircraft systems ar",excluded,Conception d'échangeurs en général ; l'aviation n'est qu'un exemple cité
26,aircraft,633436,ULTIMATE,H2020-MG-2014_TwoStages,3.14,Ultra Low emission Technology Innovations for Mid-century Aircraft Turbine Engines,With the ULTIMATE project five experienced research groups and four major European engine manufacturers will develop innovative propulsion systems to fulfill the SRIA 2050 key chal,core,Systèmes propulsifs ultra-bas carbone avec quatre motoristes européens
27,aircraft,945583,GAM-2020-LPA,H2020-IBA-CS2-GAMS-2019,173.87,Large Passenger Aircraft Innovative Aircraft Demonstrator Platform,"Main objective for the Clean Sky 2 Large Passenger Aircraft Programme (LPA) is to further mature and validate key technologiessuch as advanced wings and empennages design, making u",core,Clean Sky 2 — plateforme démonstrateur Large Passenger Aircraft (appel GAM non capté)
28,aircraft,868144,EMphiTech,H2020-SMEInst-2018-2020-1,0.05,A new generation of electric motors that provides higher power density and safety features by a novel winding architecture,The interest in electric vehicles and eMobility has seen a sharp increase as governments around the world move to ban petrol and diesel vehicles. The global eMobility market is exp,excluded,Moteurs électriques pour l'eMobilité automobile
29,aircraft,782743,3DTRAY,H2020-SMEINST-1-2016-2017,0.05,Innovative lightweight sustainable solutions for additively manufactured aircraft interior parts,"As resource efficiency becomes an increasingly important factor in the aviation industry, there is an ongoing search in Europe for more innovative solutions to reduce fuel consumpt",core,Pièces de cabine allégées pour l'industrie aéronautique
30,aircraft,286079,AIRFORS,FP7-PEOPLE-2011-IAPP,1.01,Aircraft for Environmental and Forest Science,Up-to-date environmental science builds upon of highly standardised monitoring networks and global scale earth observations. But a missing scale in ecosystem monitoring still exist,excluded,L'avion est l'INSTRUMENT d'une science environnementale (I5)
31,aircraft,665238,CompInnova,H2020-FETOPEN-2014-2015-RIA,2.50,An Advanced Methodology for the Inspection and Quantification of Damage on Aerospace Composites and Metals using an Innovative Approach,"There is an innovative need for more efficient and reliable damage inspection, reducing time and cost of aircraft infrastructures, as well as maintenance-especially C and D Checks-",core,Inspection et quantification des dommages sur structures d'aéronefs
32,aircraft,101091800,MASTERLY,HORIZON-CL4-2022-TWIN-TRANSITION-01,5.68,Nimble Artificial Intelligence driven robotic solutions for efficient and self-determined handling and assembly operations,"Over the last years, production has been shifted from mass production to customization. The conventional production lines, traditionally focused on one product variant or one famil",excluded,Robotique de production reconfigurable — manufacturing générique
33,aircraft,674045,AEROGLASS,H2020-SMEINST-2-2014,1.10,Augmented reality aerial navigation for a safer and more effective aviation,"Pilot error is the cause of 60-70% of aviation accidents. Current technologies require that pilots mentally convert complex instrument readings and 2D flat panel displays into 3D, ",core,Navigation aérienne en réalité augmentée pour pilotes
34,aircraft,262147,ICARE-2010,FP7-INFRASTRUCTURES-2010-1,0.08,International Conference on Airborne Research for the Environment,"For the 10th anniversary of the European network of instrumented aircraft for research in environmental and geo-science, an international conference will be organized in Toulouse a",excluded,Conférence sur la recherche aéroportée en environnement — l'avion est le porteur
35,aircraft,853096,ThermoTON,ERC-2019-STG,1.99,Thermophone - a novel heat transfer based approach to global TOnal Noise cancellation in aviation,"Limiting the number of people affected by significant aircraft noise is one of the most important tasks of modern civil aviation. Among different contributors, tonal noise is the m",enabling,Thermophone : technologie acoustique dont le bruit d'avion est le débouché déclaré
36,aircraft,945521,GAM-2020-AIR,H2020-IBA-CS2-GAMS-2019,79.63,AIRFRAME ITD,The Airframe ITD aims at re-thinking and developing the technologies as building blocks and the “solution space” on the level of the entire or holistic aircraft: pushing aerodynami,core,Clean Sky 2 — AIRFRAME ITD (appel GAM non capté)
37,aircraft,816071,OneSkyConnect,H2020-SMEInst-2018-2020-1,0.05,Providing air traffic data for the drone revolution,"Despite the huge potential of drones to disrupt the global economic, civil and social landscape due to their better endurance, range, safety and cost efficiency over manned aircraf",core,Données de trafic aérien pour l'intégration des drones (U-space)
38,aircraft,101180121,VITOLMINS,HORIZON-EUSPA-2023-SPACE,2.20,'Visual and Instrument Take-Off and Landing Maneuvers with EGNSS and Copernicus',"'Visual and Instrument Take-Off and Landing Maneuvers with EGNSS and Copernicus'Vertiport accessibility in all weather conditions, and the integration of VCA operations at airports",core,Décollage/atterrissage sur vertiport : opérations AAM
39,aircraft,101097433,HAPI,ERC-2022-ADG,2.50,Ultimate fracture toughness through thickness engineering,"The design of critical structural metallic components in the aeronautic, biomedical, nuclear or pipeline fields is often dictated by a fail-safe criterion established in the contex",borderline,"Ténacité des métaux pour aéronautique, biomédical, nucléaire — multi-domaines"
40,aircraft,867709,TailWind,H2020-SMEInst-2018-2020-1,0.05,Revolutionary electric plane technology that can be used for new build aircraft as well as to convert existing non-electric turboprops into fully electric aircraft.,"Aviation traffic in Europe is projected to reach 14.4M flights in 2035 a 50% increase than in 2012. However, this has causeda severe increase in aviation pollution creating a need ",core,Avion électrique
41,aircraft,101275686,HiBONTE,HORIZON-MSCA-2025-PF,0.19,Hybrid Innovative Boundary Operators for Noise Treatment Evolution: application to duct acoustics,"Aircraft noise has huge health and economic impacts, and the EU targets 65% of noise reduction by 2050. Meanwhile, restrictions in fuel consumption led to the Ultra-High-Bypass-Rat",enabling,Opérateurs numériques pour le traitement du bruit d'avion
42,aircraft,101202433,RESiLiTE,HORIZON-CL5-2024-D2-02,6.18,"Robust, Economical, Silicon-rich, Lightweight and Thermally Efficient battery packs","The RESiLiTE project (Robust, Economical, Silicon-rich, Lightweight, and Thermally Efficient battery packs) aims at increasing the energy density, energy efficiency, operative temp",excluded,Packs de batteries légers — sans intégration avion déclarée
43,aircraft,674539,HardALU,H2020-SMEINST-2-2014,0.64,"Fluidised Bed Heat Treatment Furnace for HPDC engine blocks and other transport components offering new opportunities for lightweight, cost competitiveness and energy saving",Advanced manufacturing technologies are needed in order to facilitate the production of high performance light weight aluminium components. HPDC is highly productive process but th,excluded,Four de traitement thermique pour pièces moulées haute pression (automobile)
44,aircraft,101205669,COMPOSE,HORIZON-MSCA-2024-PF-01,0.19,COMPACT REPRESENTATION OF MULTI-MODAL TRANSITION FROM HIGH-FIDELITY DATASETS OF UNSTEADY FLOWS,"Laminar-to-turbulent transition, which critically affects efficiency-focused applications such as wind turbine blades and aircraft wings, remains poorly understood. These flows inv",excluded,"Transition laminaire-turbulent, application citée : pales d'éoliennes"
45,aircraft,101072551,TRACES,HORIZON-MSCA-2021-DN-01,3.99,TRAining the next generation of iCE researcherS,"In 2019, the European Aviation Safety Agency (EASA) identified in-flight icing as a priority 1 issue for large aeroplanes with the aggregated European Risk Classification Scheme sc",core,Givrage en vol : priorité de sécurité identifiée par l'AESA
46,aircraft,101096275,HOPE,HORIZON-CL5-2022-D5-01,3.39,Hydrogen Optimized multi-fuel Propulsion system for clean and silEnt aircraft,The ICAO Post-COVID forecasts estimate a 2.4%-4.1% increase for a low to high revenue passenger-kilometres growth rate. Air traffic growth inevitably increases aviation's combustio,core,Propulsion multi-carburant/hydrogène pour l'aviation (F3 : intégration avion)
47,aircraft,756435,Runway-Star,H2020-SMEINST-2-2016-2017,2.49,A Novel Solution for Aircraft Washing and De-Icing,"Runway Star RS-500 is a fully automated dual-use aircraft de-icing and washing facility designed to address two significant industry problems. First, de-icing of aircraft is a safe",enabling,Installation de dégivrage et lavage d'avions : opérations au sol
48,aircraft,945541,GAM-2020-ENG,H2020-IBA-CS2-GAMS-2019,75.33,H2020-IBA-CS2-GAMS-2020-2021,The Engines ITD will work towards radical engine architectures and new engine technologies to power the aircraft of the future. The objective is to increase fuel and energy efficie,core,Clean Sky 2 — ENGINES ITD (appel GAM non capté)
49,aircraft,673763,PolyHalter,H2020-SMEINST-2-2014,0.51,Development of Polymer Halter for Oil Filters,"PolyHalter project is a direct response to demands for innovative, cost-effective solution which would allow car manufacturers to install lighter, more efficient and lower-priced e",excluded,Support polymère de filtre à huile pour constructeurs automobiles
50,aircraft,101079091,BAANG,HORIZON-WIDERA-2021-ACCESS-03,1.28,Building twinning Actions in smart Aviation with eNvironmental Gains,The main objective of BAANG is to stimulate the scientific excellence and innovation capacity of the involved partners in the field of smart aviation with a positive impact on the ,core,Action de jumelage dédiée à la recherche aéronautique
51,aircraft,101095754,NEEDED,HORIZON-CL5-2022-D5-01,3.94,Next generation data-driven reference European models and methods towards silent and green aircraft operations around airports,"NEEDED responds to the second and third bullets of the “expected outcome” of the HORIZON-CL5-2022-D5-01-12 topic, delivering the next generation data-driven reference European mode",borderline,Modèle européen de référence CL5-D5 — le périmètre exact n'est pas lisible
52,aircraft,690811,VISION,H2020-MG-2015_SingleStage-A,1.80,Validation of Integrated Safety-enhanced Intelligent flight cONtrol,"To enhance air transport safety, the main objective of VISION is to validate smarter technologies for aircraft Guidance, Navigation and Control (GN&C) by including 1/ vision-based ",core,Guidage et commande de vol pour la sécurité du transport aérien
53,aircraft,101066571,SolvEMCA2,HORIZON-MSCA-2021-PF-01,0.17,A Fast Numerical Solver for Electromagnetic Compatibility Assessment of Aircrafts Made Using Nano- and Micro- Engineered Materials,The electromagnetic compatibility (EMC) certification methods of aircrafts are predominantly based on experimental testing to fulfill some standard (e.g. DO-160). This phase involv,core,Certification CEM des aéronefs : navigabilité
54,aircraft,101192721,PLEIADES,HORIZON-CL5-2024-D5-01,4.73,"ADVANCING AEROSPACE COMPOSITES THROUGH INDUCTION WELDING AND NEW VITRIMERIC FORMULATIONS ENHANCED BY INTEGRATED PHOTONIC SENSORS, PROVIDING DATA TO DIGITAL SUPPLY CHAIN, SHM, MAINTENANCE","The composites aerostructures market is projected to grow to 116 billion by 2030, attributed to the increasing demand for advanced materials in aircraft manufacturing, which exhibi",core,Soudage par induction d'aérostructures composites
55,aircraft,101147799,UPBEAT,HORIZON-CL5-2023-D6-01,4.00,Uncertainty Prediction & Bias Elimination in Aviation Technology for Safety,Understanding and quantifying uncertainties (UQ) in aviation structures is vital to assessing risk and safety. UPBEAT will create novel UQ methods and tools to support the producti,core,Quantification d'incertitude sur les structures d'aviation
56,aircraft,727477,CL-Windcon,H2020-LCE-2016-RES-CCS-RIA,4.93,Closed Loop Wind Farm Control,Current practice in wind turbines operation is that every turbine has its own controller that optimizes its own performance in terms of energy capture and loading. This way of oper,excluded,Commande de fermes éoliennes
57,aircraft,858389,SPE,H2020-SMEInst-2018-2020-2,2.50,Silicon-Carbide-Fiber Pilot-production in Europe,"BJS Ceramics GmbH (BJS), Gersthofen, Germany, is Europe’s only Silicon Carbide (SiC) Fiber developer and producer inspe. SiC fibers are the key raw material for SiC Fiber reinforce",borderline,"Fibre de carbure de silicium — producteur d'origine aéronautique, débouché non explicité"
58,aircraft,101192936,CompSTLar,HORIZON-CL5-2024-D5-01,4.93,Boosting the digital transformation of aviation supply chains for advanced composite aerostructures,"CompSTLar proposes a novel, holistic integrated-and-interoperable physical and digital-driven research ecosystem encompassing automated and scalable composite technologies, multiph",enabling,Transformation numérique de la chaîne d'approvisionnement aéronautique
59,aircraft,227816,ESWIRP,FP7-INFRASTRUCTURES-2008-1,7.29,European Strategic Wind Tunnels Improved Research Potential,The proposed project ESWIRP aims at enhancing the complementary research potential and service capabilities of three strategic wind tunnels in Europe both in terms of productivity ,core,Souffleries européennes : moyens d'essais aéronautiques
60,aircraft,672001,ACES,H2020-SMEINST-2-2014,0.86,ACES: Air Cargo Explosive Screener,"The ACES (Air Cargo Explosive Screener) program will be devoted to the certification of a new generation of explosive screeners based on vapor detection, targeting the airport secu",enabling,Détection d'explosifs pour le fret aérien : sûreté aéroportuaire
61,aircraft,101091826,MIMOSA,HORIZON-CL4-2022-RESILIENCE-01,5.48,Multimaterial airframes based on 3D joints between AM metals and carbon-fiber composites,The aim of MIMOSA Project is the development of joined multi-material structures with new concepts able to exploit the digital and hybrid processes in order to achieve higher techn,core,Aérostructures multimatériaux et joints 3D
62,aircraft,780792,ICARUS,H2020-ICT-2017-1,3.00,Aviation-driven Data Value Chain for Diversified Global and Local Operations,The European aviation industry needs to leverage the surge of multi-source and multi-lingual data streams to gain augmented intelligence on its status quo and open up a wide spectr,enabling,Chaîne de valeur des données de l'aviation
63,aircraft,101056682,DIDEAROT,HORIZON-CL5-2021-D5-01,4.70,Digital Design strategies to certify and mAnufacture Robust cOmposite sTructures,New certified designs for structures are critical for the new upcoming changes in conception of aircraft architectures. A variety of breakthrough designs and new strategies for a b,core,Conception certifiée pour les architectures d'aéronefs
64,aircraft,331734,BBOT,FP7-PEOPLE-2012-IIF,0.18,Characterizing the Phase Transitions of Single Organic Aerosols in an Optical Trap,"Organic aerosols play a major role in the chemistry and physics of the atmosphere, serving as cloud condensation or ice nuclei, sites of interfacial chemistry, and scatters and abs",excluded,Aérosols organiques et physique de l'atmosphère
65,aircraft,694768,EUREC4A,ERC-2015-AdG,3.01,Elucidating the Role of Clouds-Circulation Coupling in Climate,This proposal focuses on two of climate science’s most fundamental questions: How sensitive is Earth's surface temperature to radiative forcing? and What governs the organization o,excluded,Couplage nuages-circulation : science du climat
66,aircraft,812904,AIRSCAN,ERC-2018-PoC,0.15,"A customised low-cost ultralight aircraft for survey, filming and animal tracking in wild environments.","This proposal draws on the extensive technical developments of Ad-G 323041 LOCATE to commercialise the know-how to build a low-cost aircraft with integrated aerial survey, filming ",borderline,"Construit un ULM, mais pour lever des données géophysiques — l'objet est le levé"
67,aircraft,842319,Print2fly,H2020-MSCA-IF-2018,0.19,Can we print an aircraft at room temperature?,"Within the field of aircraft manufacturing and aerospace sector, there is an increasing emphasis on thermoplastic composites and Additive Manufacturing (AM). However, current therm",core,Fabrication d'aéronef par impression de composites thermoplastiques
68,aircraft,765579,ConFlex,H2020-MSCA-ITN-2017,3.93,Control of flexible structures and fluid-structure interactions,We propose to develop systems and control theory needed to understand and control large flexible structures and fluid structure interactions. The beneficiaries are a group of 15 ac,borderline,Théorie du contrôle de structures flexibles — aéronef non nommé
69,aircraft,642861,BioSmartTrainee,H2020-MSCA-ITN-2014,2.82,Training in Bio-Inspired Design of Smart Adhesive Materials,"The last half century has seen a tremendous advancement in adhesives technology and has led to widespread replacement of mechanical fasteners with adhesive bonds (e.g. aircraft, au",excluded,Adhésifs bio-inspirés — chimie des matériaux
70,aircraft,957506,DYANS,ERC-2020-PoC,0.15,Dynamically augmented navigation system,The need to know the precise location of individuals has become ubiquitous. Systems currently used for tracking humans and animals depend on global navigation satellite systems (GN,excluded,Navigation pour le suivi de personnes
71,aircraft,854609,NeuralShape,H2020-SMEInst-2018-2020-1,0.05,NeuralShape: the first deep-learning based software to improve the engineer ‘work.,"With the new technologies’ development and the large-scale adoption of autonomous and electric cars, drones, as well as humanity´s quest for green energy, new designs become much m",excluded,"Logiciel d'apprentissage profond (voitures autonomes, drones cités en vrac)"
72,aircraft,652101,Aeropaft,H2020-SMEINST-1-2014,0.05,Delay of flow separation and stall on Aerofoils using a Passive Flow control Technology which will improve aerodynamic performance and stability of wind turbines increasing their range of operation,"Flow separation and dynamic stalling in aerofoils result in increased drag, reduced lift and increased dynamic loads on aerodynamic devices/vehicles. This culminates in reduced aer",enabling,Contrôle du décrochage sur profils : aérodynamique dont l'aviation est le débouché
73,aircraft,867809,THEIAUAS,H2020-SMEInst-2018-2020-1,0.05,Threod THEIA Vertical Take-Off and Landing UAS: Solving unmanned aircraft challenges at sea and elsewhere,Unmanned Aerial Systems can bring minimal risk and cost advantages to many civil and military applications when compared to manned vehicles. In most applications the aircraft has t,core,Système aérien sans pilote à décollage vertical (F2)
74,aircraft,735639,Wearable4Work,H2020-SMEINST-1-2016-2017,0.05,Wearables for Workplace Productivity Safety,"Within industrial processes, maintenance (including inspection and incident management) is considered to be the cause of more than 1/3rd of the cases that involve aircraft equipmen",excluded,Wearables pour la productivité en atelier
75,aircraft,731330,VERSATILE,H2020-ICT-2016-1,3.48,Innovative robotic applications for highly reconfigurable production lines - VERSATILE,"The recent trends of mass customization of products and lean approaches impacts production by a drastic reduction ofproduction lot sizes. However, traditional automation and roboti",excluded,Robotique de production reconfigurable
76,aircraft,649087,ASICA,ERC-2014-CoG,2.27,New constraints on the Amazonian carbon balance from airborne observations of the stable isotopes of CO2,"Severe droughts in Amazonia in 2005 and 2010 caused widespread loss of carbon from the terrestrial biosphere. This loss, almost twice the annual fossil fuel CO2 emissions in the EU",excluded,Bilan carbone amazonien
77,aircraft,101125132,MetaWing,ERC-2023-COG,2.37,Metamaterials for Laminar Flow Control on a Wing,"Achieving extensive laminar flow can reduce aircraft drag by up to 15%, offering breakthrough potential for curbing polluting emissions in aviation and other energy-intensive secto",core,Métamatériaux pour le contrôle de l'écoulement laminaire sur une AILE
78,aircraft,101192711,HyperMorpH,HORIZON-CL5-2024-D5-01,5.00,Synergistic Integration of Hyperconducting Electric Propulsion and Composite Structures with Intelligent Morphing for Hydrogen-Powered Aviation,"HyperMorpH focuses on hybrid-electric hydrogen-powered aircraft architectures. It suggests that as liquid hydrogen (LH2) becomes available for zero-emissions aircraft, cryogenicall",core,Architecture d'avion hybride-électrique à hydrogène (F3)
79,aircraft,816435,FODBASA,H2020-SMEInst-2018-2020-1,0.05,Advanced System for Foreign Object Debris and Bird-Aircraft Strike Avoidance,"Aeronautic sector is increasingly facing various safety threats to passengers, crews and aircraft caused by foreign object debris (FOD) as well as birds and the growing number of d",core,Détection de débris et alerte oiseaux : sécurité des opérations aériennes
80,aircraft,277143,ORGGROWTH,FP7-PEOPLE-2010-RG,0.10,The Growth of New Entrepreneurial Ventures and the Internal Dynamics of Resources,How can newly established organizations grow successfully? This question has captivated researchers in entrepreneurship and organization theory for decades. This literature has doc,excluded,Croissance des jeunes entreprises — sciences de gestion
81,aircraft,101006854,MORPHO,H2020-MG-2020-SingleStage-INEA,5.00,Embedded Life-Cycle Management for Smart Multimaterials Structures: Application to Engine Components,"In the framework of the transition to an industry 4.0, connected objects deployment is reinventing manufacturing and maintenance processes enabling tighter integration of the value",enabling,"Gestion du cycle de vie de pièces multimatériaux, débouché aéronautique"
82,aircraft,101056866,EFACA,HORIZON-CL5-2021-D5-01,3.80,Environmentally Friendly Aviation for all Classes of Aircraft,The EFACA project consists of 6 main objectives at 3 levels. Level 1 consists of three TRL3 demonstrations of technologies relevant to the greening of aviation: (WP1) bench testing,core,Aviation respectueuse de l'environnement pour toutes les classes d'aéronefs
83,aircraft,725627,WakeOpColl,ERC-2016-COG,2.00,Learning and collective intelligence for optimized operations in wake flows,"Physics dictate that a flow device has to leave a wake or the signature of it producing sustentation forces, extracting energy, or simply moving through the medium; these flow stru",borderline,Intelligence collective et sillages — l'application aéronautique n'est pas explicite
84,aircraft,685952,NANOTUN3D,H2020-NMP-PILOTS-2015,2.94,Development of the complete workflow for producing and using a novel nanomodified Ti-based alloy for additive manufacturing in special applications.,NANONTUN3D will take advantage of the possibilities of Additive Manufacturing (AM) together with the development of a specially tailored Ti- based nano-aditived material to achieve,excluded,Chaîne de fabrication additive — procédé générique
85,aircraft,293978,NUMERICS4NLP,FP7-PEOPLE-2011-CIG,0.10,Numerical Methods for Nonlocal Problems,We propose to develop scalable solvers for integral equation based nonlocal (NL) problems such as peridynamics (PD). Heterogeneity will also be studied due to utmost importance of ,excluded,Méthodes numériques pour problèmes non locaux
86,aircraft,687641,DigiTech,H2020-SMEINST-1-2015,0.05,Development of a novel generic digital controller for hydraulic load profiling control systems to significantly reduce costs and time in aircraft test rig development and commissioning,Aircraft Testing is a highly technological field within the aerospace industry requiring faster testing times and strict adherence to regulatory requirements set by the European Av,core,Contrôleur numérique pour les essais d'aéronefs : moyens d'essais
87,aircraft,101124038,MORASINA,ERC-2023-COG,1.99,MOdeling and Reduction of Aeroacoustics Sources of Interaction Noise in Aviation,"The target of climate-neutral aviation has led to a strong increase in the size of new propulsion systems, resulting in their lowered distance to the airframe components. This caus",core,Aéroacoustique des systèmes propulsifs installés pour l'aviation neutre en carbone
88,aircraft,717745,METALCLEAN,H2020-SMEINST-1-2015,0.05,New Innnovative and cost effective metal cleaning machine,METALCLEAN is an innovative equipment for high precision cleaning of metal parts based on the engineered tailoring of several operational parameters. Cleaning is an unavoidable sta,excluded,Machine de nettoyage de pièces métalliques
89,aircraft,820531,FrictionHarmonics,H2020-EIC-FTI-2018-2020,2.19,Automated scanner for kissing bond detection in friction stir welded materials,Friction Stir Welding (FSW) is a material joining technique that is a major breakthrough due to its substantial advantages compared to other techniques for welding aluminum alloys.,borderline,Contrôle non destructif du soudage FSW — procédé multi-secteurs
90,aircraft,880308,AARN,H2020-SMEInst-2018-2020-2,1.22,Ascend Avian Radar Network,"An estimated 20.000 collisions between aircrafts and birds are expected to happen in Europe in 2019. Resulting in massive costs and delays for passengers, airlines, and airports. W",core,Réseau radar aviaire contre les collisions aéronef-oiseau
91,aircraft,101138105,ALRIGH2T,HORIZON-CL5-2023-D5-01,10.00,Airport-Level DemonstRatIon of Ground refuelling of Liquid Hydrogen for AviaTion,"ALRIGH2T responds in full to the “expected outcomes” and “scope” of the HORIZON-CL5-2023-D5-01-07 topic, by developing and demonstrating two alternative technologies for LH2 aircra",core,Avitaillement hydrogène au niveau aéroport (F3 : intégration explicite)
92,aircraft,826610,COMP4DRONES,H2020-ECSEL-2018-2-RIA-two-stage-1,7.99,Framework of key enabling technologies for safe and autonomous drones’ applications,"Drones can perform air operations that manned aircrafts struggle with, and their use brings significant economic savings and environmental benefits whilst reducing the risk to huma",core,Technologies habilitantes pour des drones sûrs (F2)
93,aircraft,101103681,TEMPEST,HORIZON-CL5-2022-D2-01,3.61,nexT gEneration MultiPle architEcture battery Systems for indusTry,"To date, most modern, off-the-shelf battery designs targeting lightweight application use lithium-ion technology. This is due to the fact that other existing technologies such as N",excluded,Systèmes de batteries de nouvelle génération
94,aircraft,874346,ICE4ATM,H2020-SMEInst-2018-2020-2,1.21,ATMOSPHERIC IMPACT CALCULATOR ENGINE FOR AIR TRAFFIC MANAGEMENT (ICE4ATM),"Atmospheric dispersion of hazardous substances (mainly volcanic ash, but also mineral dust or SO2) influences manyeconomic markets, and poses a variety of problems to the aviation ",core,Calculateur d'impact atmosphérique pour la gestion du trafic aérien (F1)
95,aircraft,789028,QuantCom,ERC-2017-ADG,2.50,Ubiquitous Quantum Communications,"''It is difficult to make predictions, especially about the future'' - Mark Twain.Yet, Gordon Moore's predictions - known as Moore's Law - made in 1965 remained valid for half a ce",excluded,Communications quantiques
96,aircraft,723986,EUNADICS-AV,H2020-MG-2016-SingleStage-INEA,7.44,European Natural Airborne Disaster Information and Coordination System for Aviation,Aviation is one of the most critical infrastructures of the 21st century. Even comparably short interruptions can cause economic damage summing up to the Billion-Euro range. As evi,core,Information sur les catastrophes aéroportées pour l'aviation (pont Space × Aviation connu)
97,aircraft,799902,NI HTS machine,H2020-MSCA-IF-2017,0.18,Developing novel high temperature superconductor rotor windings for electric aircraft propulsion machines,"The 2nd generation high temperature superconductor (2G HTS) machine has a significant advantage in high power density, enabling it to play a revolutionary role in electrical aircra",borderline,Machines supraconductrices haute densité — débouché aéronautique non déclaré
98,aircraft,800881,HYSCALA,H2020-FETOPEN-4-2016-2017,0.10,Hybrid SCAlable sparse matrix Linear Algebra for industrial applications,HYSCALA will develop a value proposition based on Fraunhofer’s linear algebra library GaspiLS for industrial applications. HYSCALA aims at understanding the customer needs in sever,excluded,Bibliothèque d'algèbre linéaire
99,aircraft,701336,DNSVCFA,H2020-MSCA-IF-2015,0.18,Development of a novel servovalve concept for aircraft,"The aim of this research project is to develop, in line with the Work Programme 2014-2015 of Horizon 2020 “Smart, green and integrated transport-mobility for growth”, a novel servo",core,Servovalve pour actionneur d'aéronef : systèmes avion
100,aircraft,699202,TMC Brake,H2020-SMEINST-1-2015,0.05,"Development of a titanium composite brake part for weight reduction and hence lower fuel burn and emissions on a large, long haul aircraft","This project will develop the technical, business and market analysis required to develop, a viable performance and economic case for Airbus to invest in flight qualification of ti",borderline,Pièce de frein en composite de titane — secteur cible ambigu
101,aeronautical engineering,820776,INTEGRADDE,H2020-NMBP-FOF-2018,12.72,Intelligent data-driven pipeline for the manufacturing of certified metal parts through Direct Energy Deposition processes,The industrialisation of Additive Manufacturing (AM) requires a holistic data management and integrated automation. INTEGRADDE aims to develop an end-to-end Digital Manufacturing s,excluded,Pipeline de données pour la fabrication additive — industrie générale
102,aeronautical engineering,101138319,ROSAS,HORIZON-CL5-2023-D5-01,4.63,RObust simulation Systems exploiting AI based turbulence models and hight-fidelity algorithmS,"To meet global EU objectives related to aeronautical industry competitiveness and climate-neutrality, highly advanced design technologies are needed to allow fast and reliable eval",core,Simulation de turbulence par IA pour l'industrie aéronautique
103,aeronautical engineering,768016,WEGOOI,H2020-SMEINST-2-2016-2017,0.77,Wind Energy Generator Onshore and Offshore Inspector,"Alerion Technologies commercialises turnkey data solutions for extreme environments through proprietary RPAS that are autonomous and intelligent. After a Feasibility Study, Alerion",excluded,Inspection d'éoliennes terrestres et en mer
104,aeronautical engineering,737183,DISCOVERER,H2020-FETOPEN-1-2016-2017,5.73,DISCOVERER – DISruptive teChnOlogies for VERy low Earth oRbit platforms,"We envision a radical redesign of Earth observation platforms for sustained operation at significantly lower altitudes than the current state of the art, using a combination of new",excluded,Plateformes d'observation en très basse orbite — spatial
105,aeronautical engineering,687242,SMILE,H2020-COMPET-2015,3.99,SMILE - SMall Innovative Launcher for Europe,Current launchers (ARIANE6 and VEGA C) will guarantee Europe’s independent access to space for the high-end satellite market. These launchers however are significantly less attract,excluded,Petit lanceur européen — spatial
106,aeronautical engineering,769658,AEROFLEX,H2020-GV-2017,9.53,Aerodynamic and Flexible Trucks for Next Generation of Long Distance Road Transport,The transport sector contributes to about 25% of total CO2 emissions in the EU and is the only sector where the trend is still increasing. Taking into account the growing demand on,excluded,Camions aérodynamiques et flexibles — transport routier
107,aeronautical engineering,769237,HOMER,H2020-MG-2017-Two-Stages,4.91,Holistic Optical Metrology for Aero-Elastic Research,HOMER is aiming at the development of non-intrusive experimental flow diagnostic and data assimilation methods to expand capabilities from the aerodynamic analysis to the investiga,core,Métrologie optique pour la recherche aéroélastique : moyens d'essais
108,aeronautical engineering,635962,TILDA,H2020-MG-2014_TwoStages,2.71,Towards Industrial LES/DNS in Aeronautics – Paving the Way for Future Accurate CFD,The ability to simulate aerodynamic flows using CFD methods has progressed rapidly over the last decades and has given rise to a change in design processes in aeronautics already. ,core,LES/DNS industrielle en aéronautique
109,aeronautical engineering,769088,UHURA,H2020-MG-2017-Two-Stages,6.12,Unsteady High-Lift Aerodynamics – Unsteady RANS Validation,UHURA aims at validating unsteady numerical simulations of the aerodynamics of high-lift systems during deployment and retraction. In detail we perform:- Validation of numerical si,core,Aérodynamique instationnaire des dispositifs hypersustentateurs
110,aeronautical engineering,722734,UTOPIAE,H2020-MSCA-ITN-2016,3.88,Uncertainty Treatment and OPtimisation In Aerospace Engineering,"In an expanding world with limited resources and increasing uncertainty, optimisation and uncertainty quantification become a necessity. Optimisation can turn a problem into a solu",core,Optimisation sous incertitude en conception aérospatiale
111,aeronautical engineering,715757,MECHANO-FLUO,ERC-2016-STG,1.50,Mechanofluorochromism: from molecular engineering to the elaboration of smart materials,"The MECHANO-FLUO project aims at preparing mechanofluorochromic molecules and materials, understand and tune their photophysical and mechanofluorochromic properties, and implement ",excluded,Molécules mécanofluorochromes — chimie
112,aeronautical engineering,643095,MIGRATE,H2020-MSCA-ITN-2014,3.82,Research and training network on MIniaturized Gas flow for Applications with enhanced Thermal Effects,Depletion of natural resources combined with the extending footprint of mankind has led to a shift in importance of research and development topics. In the 1970s and 1980s process ,excluded,Écoulements gazeux miniaturisés
113,aeronautical engineering,807091,ECO GAM 2018,H2020-IBA-CS2-GAMS-2017,2.98,Eco-Design Transverse Activity GAM 2018,"Integrating ecologic, economic and socio-economic effects, ecoDESIGN will strongly contribute to sustainability and future competitiveness of the European aviation industry accordi",core,Clean Sky 2 — éco-conception transverse GAM (appel GAM non capté)
114,aeronautical engineering,665477,FLOVISP,ERC-2014-PoC,0.15,Flow Visualization Based Pressure,The ERC-FLOVIST project has focused on advancing Tomographic Particle Image Velocimetry (PIV) towards a versatile technique for the non-intrusive diagnostics of aero-acoustic probl,borderline,Vélocimétrie par images de particules — instrumentation de mécanique des fluides
115,aeronautical engineering,731599,Platforms4CPS,H2020-ICT-2016-1,1.00,"Creating the CPS Vision, Strategy, Technology Building Blocks and Supporting Ecosystem for Future CPS Platforms",Support for development and integration of Cyber-Physical Systems is seen as essential for the future. As the embedded world meets the Internet world there will be an increasing nu,excluded,Vision et feuille de route des systèmes cyber-physiques
116,aeronautical engineering,723795,4D hybrid,H2020-FOF-2016,4.99,"Novel ALL-IN-ONE machines, robots and systems for affordable, worldwide and lifetime Distributed 3D hybrid manufacturing and repair operations","From aeronautics to oil&gas, complex metal parts embrace major challenges across their lifecycles from the green field intensive manufacturing to the numerous maintenance and repai",excluded,Machines tout-en-un « de l'aéronautique au pétrole-gaz » — multi-secteurs
117,aeronautical engineering,671603,ALLScale,H2020-FETHPC-2014,3.37,"An Exascale Programming, Multi-objective Optimisation and Resilience Management Environment Based on Nested Recursive Parallelism","Extreme scale HPC systems impose significant challenges for developers aiming at obtaining applications efficiently utilising all available resources. In particular, the developmen",excluded,Programmation exascale
118,aeronautical engineering,675441,VIPER,H2020-MSCA-ITN-2015,3.13,VIbro-acoustics of PERiodic media,VIPER is a European Joint Doctorate network focused on research in VIbroacoustic of PERiodic media. Structural periodic design is a powerful strategy for lightweight structures ach,borderline,Vibroacoustique des milieux périodiques — physique générale
119,aeronautical engineering,723149,PARSIFAL,H2020-MG-2016-Two-Stages,2.96,Prandtlplane ARchitecture for the Sustainable Improvement of Future AirpLanes,The project PARSIFAL (Prandtlplane ARchitecture for the Sustainable Improvement of Future AirpLanes) aims at defining the basis to improve the air transport of the future by evalua,core,Architecture Prandtlplane pour les avions du futur
120,aeronautical engineering,752669,DUF,H2020-MSCA-IF-2016,0.15,Deep Learning UAV Networks for Autonomous Forest Firefighting,"Thousands of hectares of forest lands are lost to wildfires every year. Utilization of Unmanned Aerial Vehicles (UAVs) is an efficient tool for fighting fires, however the state-of",excluded,"Le drone est l'OUTIL d'une surveillance forestière (I5, F2)"
121,aeronautical engineering,101138488,FlyECO,HORIZON-CL5-2023-D5-01,3.50,Future enabLing technologies for hYdrogen-powered Electrified aero engine for Clean aviatiOn,FlyECO will deliver transformative technologies to support Integrated Power and Propulsion Systems (IPPS) that contributes to zero-emission and sustainable growth of aviation and h,core,Technologies habilitantes pour la propulsion d'avion à hydrogène (F3)
122,aeronautical engineering,836347,LEWIATH,H2020-SMEInst-2018-2020-1,0.05,LEveraging WInd-Assisted THrust,"Maritime transport dominates global freight transportation with 58,500 vessels totaling covering 90% of global goods trade. Marine propulsion market is expected to grow at a CAGR w",excluded,Propulsion vélique — transport maritime
123,aeronautical engineering,286560,CARE,FP7-REGIONS-2011-1,2.27,Clean Aerospace Regions,"Green technologies are key competitive advantages of future air transport systems. Major environmental challenges are at stake in aircraft life cycle management, air traffic manage",borderline,Clusters régionaux aérospatiaux — l'objet est le développement régional
124,aeronautical engineering,737422,SCOTT,H2020-ECSEL-2016-2-IA-two-stage,10.23,Secure COnnected Trustable Things,"Creating trust in wireless solutions and increasing social acceptance are major challenges to achieve the full potential of the Internet of Things. SCOTT, with 57 key partners from",excluded,Objets connectés de confiance
125,aeronautical engineering,636202,AGILE,H2020-MG-2014_TwoStages,7.07,Aircraft 3rd Generation MDO for Innovative Collaboration of Heterogeneous Teams of Experts,AGILE targets multidisciplinary optimization using distributed analysis frameworks. The involvement of many disciplinary analyses ranging up to high levels of fidelity and agile wo,core,Optimisation multidisciplinaire de 3e génération pour l'avion
126,aeronautical engineering,637080,SYMPLEXITY,H2020-FoF-2014,6.66,Symbiotic Human-Robot Solutions for Complex Surface Finishing Operations,In nearly every sector of industrial manufacturing polishing techniques are used. But often manual polishing is the only option because the tasks are too complex to be automated. T,excluded,Polissage robotisé de surfaces complexes
127,aeronautical engineering,301287,ACOCTIA,FP7-PEOPLE-2011-IEF,0.17,Active Control Of Cavity Tones In Aircrafts,Airframe noise is equal to or louder than engine noise during the landing approach of a commercial aircraft. With the growth of air traffic as well as the ever increasing level of ,core,Contrôle actif des tonalités de cavité sur aéronef : bruit de cellule
128,aeronautical engineering,876038,InSecTT,H2020-ECSEL-2019-1-IA,11.25,Intelligent Secure Trustable Things,Artificial Intelligence of Things (AIoT) is the natural evolution for both Artificial Intelligence (AI) and Internet of Things (IoT) because they are mutually beneficial. AI increa,excluded,Objets intelligents sécurisés
129,aeronautical engineering,826247,HEAVEN,H2020-JTI-FCH-2018-1,4.00,High powEr density FC System for Aerial Passenger VEhicle fueled by liquid HydrogeN,"The main goal of HEAVEN project is to design, develop and integrate a powertrain based on high power fuel cell and cryogenic technology into an existing 2-4 seats aircraft for test",core,Chaîne de traction à pile à combustible pour aéronef de transport de passagers (F3)
130,aeronautical engineering,636860,FORTAPE,H2020-FoF-2014,5.03,RESEARCH ON EFFICIENT INTEGRATED SYSTEMS FOR THE MANUFACTURING OF COMPLEX PARTS BASED ON UNIDIRECTIONAL TAPES FOR THE AUTOMOTIVE AND AERONAUTICAL,More and more industrial sectors are demanding high performance composite materials to face new challenges demanded by the transport sector. Carbon and glass fibre unidirectional c,excluded,Fabrication de composites — procédé multi-secteurs
131,aeronautical engineering,723616,THOMAS,H2020-FOF-2016,4.51,Mobile dual arm robotic workers with embedded cognition for hybrid and dynamically reconfigurable manufacturing systems,The productivity of the serial production model is compromised by the need to perform changes in the production equipment that cannot support multiple operations in dynamic environ,excluded,Robots mobiles bi-bras en production
132,aeronautical engineering,101075903,LINING,ERC-2022-STG,1.50,Acoustic fLow InteractioN over sound absorbing surfaces: effects on ImpedaNce and draG,"The lack of fundamental knowledge of the interaction between an acoustic wave and a turbulent boundary layer grazing an acoustically treated surface, such as an acoustic liner, is ",borderline,Interaction acoustique-écoulement sur surfaces absorbantes — physique
133,aeronautical engineering,651315,NIR-PERFECT,H2020-SMEINST-1-2014,0.05,Non-contact Near Infra-Red insPEction and monitoRing For Evaluation of ComposiTes,"Increasing automation and demands for quality in production (food, pharmaceuticals, non-metals such as polymers and composite components etc.) has resulted in visual and optical in",excluded,"Inspection proche infrarouge (agroalimentaire, pharmacie)"
134,aeronautical engineering,828346,MultiSingle-WIMMIC,H2020-SMEInst-2018-2020-1,0.05,“The world´s first Multifunctional Single MMIC for Ku-Band Satcom-On-the-Move (SOTM) phased-array antennas”,"The communications on-the-move (OTM) is a growing market. Existing solutions, based on parabolic antennas and land connections, pose limitations for OTM applications and, therefore",excluded,MMIC pour communications en mouvement
135,aeronautical engineering,239536,FLOCON,FP7-PEOPLE-IRG-2008,0.10,"Flow Control: Reduced Order Modelling, Nonlinear Analysis and Control Design","Fluid flow, i.e. the motion of liquids or gases, is a phenomenon that one encounters continuously in everyday life. The flow of air around the body of a car or the wing of an aircr",borderline,Contrôle d'écoulement et modèles réduits — sans application aéronautique déclarée
136,aeronautical engineering,618159,NUMIWING,FP7-PEOPLE-2013-CIG,0.10,Numerical modelling of inflatable airborne wind energy systems,The proposed research aims to numerically model the mutual interactions between the aero- and structural- dynamics of inflatable airborne wind energy systems. Such systems offer se,excluded,Ailes gonflables pour l'énergie éolienne aéroportée
137,aeronautical engineering,824350,OSCAR,H2020-MG-2018-SingleStage-INEA,1.55,Open ScienCe Aeronautic & Air Transport Research,"The transport sector as such is usually categorized by transport modes (surface transport, aviation and - upcoming - space). Both the production of transport vehicles and their ope",core,Science ouverte pour la recherche aéronautique et le transport aérien
138,aeronautical engineering,101169009,H2POWRD,HORIZON-MSCA-2023-DN-01,4.06,Harnessing Hydrogen’s POtential With Rotating Detonation,H2POWRD seeks to harness hydrogen's potential with rotating detonation combustion (RDC) integrated with a gas turbine (RDGT). Rotating detonation is a paradigm breaking technology ,core,Détonation rotative à hydrogène intégrée à une turbine aéronautique (F3)
139,aeronautical engineering,688093,PI-SCALE,H2020-ICT-2015,14.00,Bringing flexible organic electronics to pilot innovation scale,“Bringing flexible organic electronics to pilot innovation scale” (PI-SCALE) is a highly needed response to bridge the gap which exists today between promising laboratory scale res,excluded,Électronique organique souple
140,aeronautical engineering,690725,EMUSIC,H2020-MG-2015_SingleStage-A,1.80,"Efficient Manufacturing for Aerospace Components USing Additive Manufacturing, Net Shape HIP and Investment Casting","This proposal is in response to the call for International Cooperation in Aeronautics with China, MG-1.10-2015 under Horizon 2020 “Enhanced Additive Manufacturing of Metal Componen",enabling,Fabrication efficiente de composants aérospatiaux (coopération Chine)
141,aeronautical engineering,643167,AEOLUS4FUTURE,H2020-MSCA-ITN-2014,3.81,Efficient harvesting of the wind energy,"As wind energy is considered one of the most promising renewable energy resources, energy production technologies relying on wind energy are currently flourishing under the EU ambi",excluded,Énergie éolienne
142,aeronautical engineering,769288,ReMAP,H2020-MG-2017-Two-Stages,6.81,Real-time Condition-based Maintenance for Adaptive Aircraft Maintenance Planning,ReMAP will contribute to reinforcing European leadership in aeronautics by developing an open-source Integrated Fleet Health Management (IFHM) solution for aircraft maintenance. By,core,Maintenance prédictive pour l'aéronautique
143,aeronautical engineering,769274,AIRPOXY,H2020-MG-2017-Two-Stages,6.50,"ThermoformAble, repaIrable and bondable smaRt ePOXY based composites for aero structures","With strong growly rates of 13% in the aero sector, and demands predicted to be doubled by 2032, carbon composites (CC) are under the spotlight. CC production requires a quick ramp",enabling,Époxy intelligent thermoformable pour le secteur aéro
144,aeronautical engineering,650877,AST-FCS_vF,H2020-SMEINST-1-2014,0.05,ADAPTIVE SELF-TUNING FLIGHT CONTROL SYSTEM COMPLETE AND QUALIFIED,"The objective of the overall innovation project is the commercialization of the first Adaptive Self-Tuning Flight Control System(AST-FCS) in the history of aeronautics, based on in",core,Système de commande de vol adaptatif auto-réglant
145,aeronautical engineering,889405,PIPER,H2020-SMEInst-2018-2020-1,0.05,"Printing of Ultra-Thin, Flexible Perovskite Solar Cells and its Commercial Application","The impact of buildings to European final energy consumption has been assessed at 40%, making the building stock responsible for 36% of CO2 emissions. The reduction of energy consu",excluded,Cellules solaires pérovskite pour le bâtiment
146,aeronautical engineering,640480,SUNJET II,H2020-MG-2014_SingleStage_A,0.61,SUstainable Network for Japan-Europe aerospace research and Technology cooperation II,SUNJET II proposal responds to the H2020-MG-2014 Topic 1.8 International Cooperation in Aeronautics of the work programme. Its main objectives are:• Recommendations and guidance fo,core,Réseau de recherche aérospatiale Japon-Europe
147,aeronautical engineering,663138,COLOMBUS-1,H2020-SMEINST-1-2014,0.05,COmposite repair solutions for aeronautical BUSiness development – Phase 1,"Composites are extensively used in many industrial applications, primarily in Transport. A technological sector dealing with composite repair solutions has emerged, now expanding p",core,Réparation composite pour l'aéronautique d'affaires
148,aeronautical engineering,666624,IRWES,H2020-SMEINST-2-2014,1.70,Integrated Roof Wind Energy System,"The Integrated Roof Wind Energy System (IRWES) is the breakthrough solution overcoming all shortcomings of existing renewable energy solutions. IRWES is a roof-mounted, elegant str",excluded,Éolien intégré en toiture
149,aeronautical engineering,767560,MUSIC-haic,H2020-MG-2017-Two-Stages,4.81,3D MUltidisciplinary tools for the Simulation of In-flight iCing due to High Altitude Ice Crystals,Icing is a major hazard for aviation safety. In the last decades an additional risk has been identified when flying in clouds with high concentrations of ice-crystals where ice acc,core,Simulation 3D du givrage : sécurité aérienne
150,aeronautical engineering,730038,GaNOMIC,H2020-COMPET-2016,1.54,GaN in One Module Integrated Converter for EP systems,"Satellite contractors are permanently looking for cost and performance improvements. This cascades to the PPU, a subsystem having a very high impact on the cost and performance of ",excluded,Convertisseur GaN pour propulsion électrique de satellites — spatial
151,aeronautical engineering,644742,LEO,H2020-ICT-2014-1,3.99,Low-cost / energy Efficient Oleds for lighting,"LEO ambitions innovative manufacturing concept & routes towards high performance bendable and low cost OLEDs for general and mood lighting, merging conventional and proven technolo",excluded,OLED pour l'éclairage
152,aeronautical engineering,842536,AEROSIMULAT,H2020-MSCA-IF-2018,0.25,High-performance aerodynamics and aeroacoustics simulations of the new generation of high-speed gas turbines via high-order Galerkin methods,The main goal of this project is to perform efficient and accurate simulations of the turbulent compressible flow and generated noise on the new high-speed gas turbines at operatio,core,Simulation aérodynamique et aéroacoustique aéronautique
153,aeronautical engineering,769220,PARE,H2020-MG-2017-SingleStage-RTD-MOVE,1.77,Perspectives for the Aeronautical Research in Europe,The overall objective of PARE (Perspectives for the Aeronautical Research in Europe) is to trigger collaboration between European stakeholders to support the achievement of the Fli,core,Perspectives de la recherche aéronautique en Europe
154,aeronautical engineering,312314,CONVENIENT,FP7-SST-2012-RTD-1,9.90,COmplete Vehicle Energy-saving Technologies for Heavy-Trucks,The CONVENIENT project targets a 30% reduction of fuel consumption in vehicles for long-distance freight transport by developing an innovative heavy-truck archetype featuring a sui,excluded,Économies d'énergie pour poids lourds
155,aeronautical engineering,675008,SSeMID,H2020-MSCA-ITN-2015,3.90,Stability and Sensitivity Methods for Industrial Design,"The increasing environmental awareness of the European society has been always present in the aeronautical community, industry and research centres, having a definite influence on ",core,Méthodes de stabilité et sensibilité pour la conception aéronautique
156,aeronautical engineering,744239,NJORD,H2020-SMEINST-1-2016-2017,0.05,Rugged Long-lasting Vertical-Axis Wind Turbine for Extreme Wind Conditions,"Extreme weather conditions (i.e. strong and unsteady winds, icing, etc.) - that countries such as Iceland and the other four Nordics (Sweden, Denmark, Norway, and Finland), the UK,",excluded,Éolienne à axe vertical
157,aeronautical engineering,640597,Future Sky Safety,H2020-MG-2014_SingleStage_A,14.88,Future Sky Safety,The EC Flight Path 2050 vision aims to achieve the highest levels of safety to ensure that passengers and freight as well as the air transport system and its infrastructure are pro,core,Programme de sécurité de l'aviation (Future Sky Safety)
158,aeronautical engineering,101066502,SYSVAL,HORIZON-MSCA-2021-PF-01,0.22,"A simple, systematic and integrity-preserving model for values in science","In the face of controversial debates about appropriate influence of values in the assent phase of science (where hypotheses/theories are accepted or rejected), which provide only c",excluded,Philosophie des sciences : valeurs et validation
159,aeronautical engineering,872440,4Gen Light Aircraft,H2020-SMEInst-2018-2020-2,2.50,"Revolutionizing the general aviation industry thanks to a disruptive technology born in ocean racing to deliver a safer, environment-friendly, cost-saving and versatile new generation of aircrafts.","In 2018, commercial pilots around the world still learn to fly on aircraft designed just after World War II! This is unacceptable, considering that these aircraft are complex and c",core,Avion de formation de nouvelle génération pour l'aviation générale
160,aeronautical engineering,679355,BIAF,ERC-2015-STG,2.00,Bird Inspired Autonomous Flight,"The agile and efficient flight of birds shows what flight performance is physically possible, and in theory could be achieved by unmanned air vehicles (UAVs) of the same size. The ",core,Vol autonome inspiré des oiseaux : recherche en performance de vol
161,aeronautical engineering,672032,ACEP,H2020-SMEINST-2-2014,2.50,Airlander Civil Exploitation Project,"The Airlander hybrid air vehicle is a new form of aircraft designed by Hybrid Air Vehicles Ltd (HAV). The vehicle combines inert lifting gas, aerodynamics and vectored thrust to de",core,Airlander : aéronef hybride
162,aeronautical engineering,704133,PIEZOMACH,H2020-MSCA-IF-2015,0.15,Piezoelectric Vibration Absorber for Machining Applications,The main idea of the PIEZOMACH project is to develop a fully passive nonlinear device for suppressing chatter vibrations in machine tools. These vibrations represent a major concer,excluded,Absorbeur piézoélectrique pour l'usinage
163,aeronautical engineering,706283,VORTSHEET,H2020-MSCA-IF-2015,0.20,Vortex sheets - from new intuitions to crucial questions.,"Understanding fundamental phenomena in fluid mechanics, such as formation of vortices at wingtips of a plane taking off or development of repetitive turbulent patterns of clouds, r",borderline,Nappes tourbillonnaires — mécanique des fluides fondamentale
164,aeronautical engineering,304099,LARGEFLOWVIS,FP7-PEOPLE-2011-CIG,0.10,Large Scale Flow Visualization and Analysis,"Scientific visualization of large-scale vector fields with modern, so-called integration-based methods that rely on the analysis of particle trajectories is not feasible with curre",excluded,Visualisation scientifique de champs vectoriels
165,aeronautical engineering,660759,MADDOG,H2020-MSCA-IF-2014,0.20,Multidisciplinary Adjoint Design Optimisation of Gasturbines,Adjoint based design optimization techniques are widely recognized as having a large potential to revolutionize the design process of modern gasturbines. By applying such technique,borderline,Optimisation adjointe de turbines à gaz — secteur non précisé
166,aeronautical engineering,769346,ARIAS,H2020-MG-2017-Two-Stages,7.50,Advanced Research Into Aeromechanical Solutions,The ARIAS research and innovation project directly targets “maintaining industrial leadership in aeronautics” of the European aircraft engine manufacturing sector in the important ,core,Solutions aéromécaniques avancées pour le leadership aéronautique
167,aeronautical engineering,868808,MicroCoating,H2020-SMEInst-2018-2020-1,0.05,Boosting the Performances of Wind Turbines thanks to Microstructure Coating,"The wind energy market is developing quickly and it will produce 15% of the EU’s electricity demand by 2020, avoiding 333 million tonnes of CO2 per year and saving Europe €28 billi",excluded,Revêtements pour éoliennes
168,aeronautical engineering,101171280,SPANDRELS,ERC-2024-COG,2.00,SParse AND paRsimonious Event-based fLow Sensing,The closed-loop control of unsteady turbulent flows requires efficient strategies to sense the flow state. Despite the challenge posed by the non-linearities and the large range of,borderline,Détection événementielle d'écoulements — contrôle de turbulence générique
169,aeronautical engineering,636494,ComBoNDT,H2020-MG-2014_TwoStages,4.62,Quality assurance concepts for adhesive bonding of aircraft composite structures by advanced NDT,The integration of innovative lightweight materials like CFRP into multi-material design (MMD) environments in aeronautic applications brings along a paradigm shift in initial desi,enabling,"Assurance qualité du collage de composites, débouché aéronautique"
170,aeronautical engineering,618756,UNAELCO,FP7-PEOPLE-2013-CIG,0.08,Unsteady aeroelastic control for multi-MW wind turbine rotors,The overall objective of the project is to enhance the knowledge and develop advanced methods and tools for the research and development of unsteady aeroelastic control concepts fo,excluded,Aéroélasticité des éoliennes multi-MW (négatif difficile du gold set)
171,rotorcraft,641572,5 LIVES,H2020-Galileo-2014-1,1.57,"Search, Challenge, Fight, Care, Rescue for Lives.",The 5-LIVES project has its foundlings and justifications on the benefits that rotorcraft industry can obtain by the exploitation of European Satellite Navigation services within o,core,Bénéfices GNSS pour l'industrie de la voilure tournante (SAR)
172,rotorcraft,836564,FANVIS,H2020-SMEInst-2018-2020-1,0.05,Development of new optical absorption filters for application in Night Vision Imaging Systems,"Technology and design improvements in Night Vision Imaging Systems (NVIS) have led to important price reductions in these equipment, so their use is growing in the civil segments, ",enabling,Filtres optiques pour systèmes de vision nocturne aéronautiques
173,rotorcraft,762392,YawSTOP,H2020-SMEINST-1-2016-2017,0.05,"First stabilisation device to enable rotation-free and rotation-controlled lifting and loading of cargo and goods by cranes or helicopters to make transportation more efficient, reliable and safe","We aim to improve the competitiveness of the European Offshore Marine Transportation sector by reducing costs for lifting operations, increasing efficiency, become more independent",excluded,Stabilisation pour le transport maritime en mer
174,rotorcraft,724958,PROFIT,H2020-SMEINST-2-2016-2017,1.80,Cost-effective high speed Production for Fasteners in Titanium for the automotive industry,"Starting originally in 1950 with the manufacturing of titanium components for motorsports, we, POGGIPOLINI became official suppliers for the Formula One (Ferrari and McLaren) in th",excluded,Production de fixations titane — sous-traitance multi-secteurs
175,rotorcraft,101280424,NEMORE,HORIZON-MSCA-2025-PF,0.40,Next-gen Energy-aware MOrphological Rotorcraft for resilient Environmental missions,"Unmanned Aerial Vehicles (UAVs, commonly known as drones) are becoming increasingly vital for environmental monitoring, disaster response, precision agriculture, and inspection of ",core,Voilure tournante morphologique économe pour drones (F2)
176,rotorcraft,788247,GRIFFIN,ERC-2017-ADG,2.50,General compliant aerial Robotic manipulation system Integrating Fixed and Flapping wings to INcrease range and safety,"The goal of GRIFFIN is the derivation of a unified framework with methods, tools and technologies for the development of flying robots with dexterous manipulation capabilities. The",core,Robotique aérienne à manipulation : développe l'aéronef (F2)
177,rotorcraft,946966,Raven,H2020-EIC-SMEInst-2018-2020-3,2.23,AI-based autonomous flight control for the aircraft of today and electric VTOLs of tomorrow,We are developing Raven—a novel AI autonomous flight control system. Raven is an airframe-agnostic solution targeted at fly-by-wire aircraft of today (fixed-wing airplanes & helico,core,"Commande de vol autonome par IA, agnostique de la cellule"
178,rotorcraft,945535,GAM-2020-SYS,H2020-IBA-CS2-GAMS-2019,62.62,SYSTEMS ITD GAM 2020,"The Systems ITD will develop and build highly integrated, high TRL demonstrators in major areas such as powermanagement, cockpit, wing, landing gear, to address the needs of future",core,Clean Sky 2 — SYSTEMS ITD (appel GAM non capté)
179,rotorcraft,718493,ReCETT,H2020-SMEINST-1-2015,0.05,Remote Control of Electrical Transmission Tower,"It’s urgently needed to assess automatically and in real time the stability of the High Voltage Electric Transmission and Distribution (T&D) Grid in Europe, as 5% (≈ 9000 in France",excluded,Surveillance de pylônes électriques
180,rotorcraft,732433,AiRT,H2020-ICT-2016-1,0.91,Technology transfer of Remotely Piloted Aircraft Systems (RPAS) for the creative industry,"Aerial photography and filming represent an indispensable resource for the Creative Industries (CIs). When filming in indoor environments, auxiliary devices as cable cams, camera r",borderline,Transfert de RPAS aux industries créatives — l'objet est la prise de vue
181,rotorcraft,724109,RADIAN,H2020-MG-2016-SingleStage-INEA,2.00,Facilitating Collaboration in ReseArch and Development to Foster Further Innovation in European AeroNautics,Aviation is a vital industrial sector of Europe’s society and economy. For several historical reasons the economic activities in this field are unevenly distributed across Europe. ,core,Collaboration en recherche et développement aéronautiques
182,rotorcraft,710622,HIGHER,H2020-SMEINST-1-2015,0.05,HIGHER: “High performance Engine for Light Sport Aircraft,"HIGHER project will launch on the aviation market an innovative engine which will contribute to make small aircrafts and helicopters individual, diffused, sustainable and safe tran",core,Moteur pour avion léger de sport
183,rotorcraft,880240,A2Miro,H2020-SMEInst-2018-2020-2,1.55,A2Miro Solution: a fully automated inspection system by our SensorCopter that reduces WTs downtime,"Offshore Wind is a promising source of energy to accelerate world’s transition to a fossil-free future. However, a pain point hinders industry’s efforts to reduce the cost of offsh",excluded,Inspection d'éoliennes offshore
184,rotorcraft,724139,SARAH,H2020-MG-2016-SingleStage-INEA,6.64,Increased Safety and robust certification for ditching of aircrafts and helicopters,"SARAH is concerned with establishing novel holistic, simulation-based approaches to the analysis of aircraft ditching. It is build up from a consortium of experts from OEM industri",core,Certification de l'amerrissage d'aéronefs : navigabilité
185,rotorcraft,880642,WILDHOPPER,H2020-SMEInst-2018-2020-2,2.49,WILD HOPPER - Heavy-Duty UAV for day and night firefighting operations,"DRONE HOPPER is a company devoted to designing and manufacturing heavy-duty multirotor drones. For that, it hasdeveloped a number of proprietary technologies aimed at, essentially,",core,Drone lourd de lutte anti-incendie : développe l'aéronef (F2)
186,rotorcraft,827200,Apollo,H2020-SMEInst-2018-2020-1,0.05,Novel electric turbines to power the VTOL drone & aircraft revolution,"For decades, vertical take-off and landing aircrafts (VTOL) have seen their use limited to special-purpose & military applications. By 2017, companies like Lilium Aviation and othe",core,Turbines électriques pour drone VTOL (F2)
187,rotorcraft,875887,LOLAS,H2020-SMEInst-2018-2020-1,0.05,"Precise and reliable autonomous landing for drones, helicopters and other rotorcraft","Landing has always been one of the most dangerous flight phases for any aircraft, but particularly so for rotorcraft (drones, helicopters & other). Challenging weather conditions o",core,Atterrissage autonome de drones : navigabilité et opérations (F2)
188,rotorcraft,285462,EGALITE,FP7-PEOPLE-2011-IAPP,1.92,Research on EGNOS/Galileo in Aviation and Terrestrial Multi-sensors Mobility Applications for Emergency Prevention and Handling,"The EGALITE project is designed for intersectorial transfer of knowledge and staff training between large university from Poland, Silesian University of Technology, and two efficie",core,EGNOS/Galileo dans l'aviation : navigation aérienne
189,rotorcraft,761656,DroneHopper,H2020-SMEINST-1-2016-2017,0.05,DroneHopper: an innovative solution for firefighting through remote-controlled aircrafts.,"Drone Hopper is remote-controlled aircraft that incorporates a container unit to hold liquids that can be used for firefighting, propelling nebulised liquid to be directed towards ",core,"Drone de lutte incendie : développe l'aéronef (F2, gold set corrigé)"
190,rotorcraft,723509,MoNIfly,H2020-MG-2016-Two-Stages,2.02,Mobile-Network Infrastructure for Cooperative Surveillance of low flying drones,The number of drones in commercial and recreational use is expected to grow significantly within the next years. Currently the most dynamic market is in low flying remotely piloted,core,"Surveillance coopérative des drones par réseau mobile (U-space, F2)"
191,rotorcraft,808892,VR-FS,H2020-SMEINST-1-2016-2017,0.05,Virtual Reality in high fidelity Flight Simulation,"The adoption of flight simulation slowly started after the Second World War, as a disruptive innovation in the training of aviation pilots. Its enormous potential for cost savings ",core,Simulation de vol en réalité virtuelle : moyens de formation
192,rotorcraft,824310,ICE GENESIS,H2020-MG-2018-SingleStage-INEA,11.96,Creating the next generation of 3D simulation means for icing,"Current design methodologies used to characterise ice accretion and its effects on air vehiclecomponents and power plant systems are mainly based on empirical methods, comparative ",core,Simulation 3D du givrage sur véhicules aériens
193,rotorcraft,658846,Rotary Wing CLFC,H2020-MSCA-IF-2014,0.17,Closed-Loop Flow Control to Enhance Aerodynamic and Aeroacoustic Performance of Wind-Turbine Blades,"Aerodynamic loads and noise emitted from rotating blades are of interest in many industrial applications, such as wind-turbines, aircraft propellers, helicopter blades, and cooling",borderline,Contrôle d'écoulement sur pales tournantes — « nombreuses applications industrielles »
194,rotorcraft,807083,GAM AIR 2018,H2020-IBA-CS2-GAMS-2017,160.97,AIRFRAME ITD,The Airframe ITD aims at re-thinking and developing the technologies as building blocks and the “solution space” on the level of the entire or holistic aircraft: pushing aerodynami,core,Clean Sky 2 — AIRFRAME ITD (appel GAM non capté)
195,rotorcraft,712667,HYBCOPTER,H2020-SMEINST-1-2015,0.05,Hybrid multi copter with 6 times more flight time.,We have developed a hybrid multi copter with 6 times more endurance than any electric multirotor for ISR and emergency response applications. Our solution is available in three ver,core,Multicoptère hybride à endurance étendue (F2)
196,rotorcraft,883511,Centurion 3,H2020-SMEInst-2018-2020-1,0.05,Innovative offshore safety system to protect the body from cold shock in extreme conditions,"Every year 360,000 people die worldwide as a result of drowning, making it the third leading cause of unintentional injury death worldwide, accounting for 7% of all injury-related ",excluded,Sécurité en mer et prévention des noyades
197,rotorcraft,945542,GAM-2020-FRC,H2020-IBA-CS2-GAMS-2019,57.32,Fast Rotorcraft,"The challenge in rotorcraft design is always to improve payload-lifting capability, reduce fuel burn and increase the vehicle'srange – the traditional objectives in aeronautical de",core,Clean Sky 2 — Fast Rotorcraft (appel GAM non capté)
198,rotorcraft,698282,PSR94,H2020-SMEINST-2-2015,1.12,Commercialisation of 94GHz Phase Shifting Radar (PSR94),"This proposal presents a unique opportunity to commercialise ground-breaking radar technology, a 94GHz Phase Shifting Radar (PSR94). We will bring the PSR94 from the current TRL 6 ",borderline,Radar 94 GHz — application non précisée
199,rotorcraft,817161,UAVEndure I,H2020-SMEInst-2018-2020-1,0.05,UAVEndure,"Small, long endurance electric Unmanned Arial Vehicles (UAVs) is the key enabling technology missing in the emerging market for airborne border surveillance and perimeter control, ",core,Drones électriques de longue endurance (F2)
200,rotorcraft,783518,YawSTOP,H2020-SMEINST-2-2016-2017,1.71,"First stabilisation device to enable rotation-free and rotation-controlled lifting and loading of cargo and goods by cranes or helicopters to make transportation more efficient, reliable and safe","Objective of the YawSTOP project is to upscale, pilot and commercialise the first stabilisation device for cranes and helicopters that allows rotation-free and rotation-controlled ",excluded,Stabilisation pour le transport maritime (doublon d'appel)
