source_id,strate,population_strate,n_tire,poids_strate
716864,H2020-CS2-,543,59,0.342587
893864,H2020-SESAR-,149,16,0.094006
755610,H2020-CS2-,543,59,0.342587
270584,SP1-JTI-CS-,486,53,0.306625
945529,H2020-IBA-CS2-GAMS-,11,11,0.006940
265695,FP7-AAT-,233,26,0.147003
323408,SP1-JTI-CS-,486,53,0.306625
891287,H2020-SESAR-,149,16,0.094006
267309,SP1-JTI-CS-,486,53,0.306625
865416,H2020-CS2-,543,59,0.342587
738028,H2020-CS2-,543,59,0.342587
101140499,HORIZON-JU-Clean-Aviation-,40,15,0.025237
890378,H2020-SESAR-,149,16,0.094006
604013,FP7-AAT-,233,26,0.147003
821375,H2020-CS2-,543,59,0.342587
945549,H2020-IBA-CS2-GAMS-,11,11,0.006940
285842,SP1-JTI-CS-,486,53,0.306625
821233,H2020-CS2-,543,59,0.342587
314061,FP7-AAT-,233,26,0.147003
620120,SP1-JTI-CS-,486,53,0.306625
101255065,HORIZON-JU-Clean-Aviation-,40,15,0.025237
821079,H2020-CS2-,543,59,0.342587
101102020,HORIZON-JU-Clean-Aviation-,40,15,0.025237
307869,SP1-JTI-CS-,486,53,0.306625
285050,FP7-AAT-,233,26,0.147003
278366,SP1-JTI-CS-,486,53,0.306625
864726,H2020-CS2-,543,59,0.342587
783178,H2020-SESAR-,149,16,0.094006
641553,SP1-JTI-CS-,486,53,0.306625
101166886,HORIZON-SESAR-,116,13,0.073186
326000,SP1-JTI-CS-,486,53,0.306625
807085,H2020-IBA-CS2-GAMS-,11,11,0.006940
717064,H2020-CS2-,543,59,0.342587
999905,JTI-CS-,7,7,0.004416
821300,H2020-CS2-,543,59,0.342587
101102003,HORIZON-JU-Clean-Aviation-,40,15,0.025237
865118,H2020-CS2-,543,59,0.342587
820997,H2020-CS2-,543,59,0.342587
101007712,H2020-CS2-,543,59,0.342587
785539,H2020-CS2-,543,59,0.342587
632456,SP1-JTI-CS-,486,53,0.306625
785520,H2020-CS2-,543,59,0.342587
831815,H2020-CS2-,543,59,0.342587
278415,SP1-JTI-CS-,486,53,0.306625
641592,SP1-JTI-CS-,486,53,0.306625
699247,H2020-SESAR-,149,16,0.094006
783198,H2020-SESAR-,149,16,0.094006
266073,FP7-AAT-,233,26,0.147003
101256789,HORIZON-JU-Clean-Aviation-,40,15,0.025237
323047,FP7-AAT-,233,26,0.147003
101286387,HORIZON-SESAR-,116,13,0.073186
101114748,HORIZON-SESAR-,116,13,0.073186
307612,SP1-JTI-CS-,486,53,0.306625
632556,SP1-JTI-CS-,486,53,0.306625
999907,JTI-CS-,7,7,0.004416
738114,H2020-CS2-,543,59,0.342587
807081,H2020-IBA-CS2-GAMS-,11,11,0.006940
717186,H2020-CS2-,543,59,0.342587
270561,SP1-JTI-CS-,486,53,0.306625
252045,SP1-JTI-CS-,486,53,0.306625
296543,SP1-JTI-CS-,486,53,0.306625
717091,H2020-CS2-,543,59,0.342587
101251003,HORIZON-JU-Clean-Aviation-,40,15,0.025237
714249,H2020-CS2-,543,59,0.342587
101114733,HORIZON-SESAR-,116,13,0.073186
211861,FP7-AAT-,233,26,0.147003
807090,H2020-IBA-CS2-GAMS-,11,11,0.006940
865131,H2020-CS2-,543,59,0.342587
101101961,HORIZON-JU-Clean-Aviation-,40,15,0.025237
101114838,HORIZON-SESAR-,116,13,0.073186
831993,H2020-CS2-,543,59,0.342587
686711,H2020-CS2-,543,59,0.342587
336948,SP1-JTI-CS-,486,53,0.306625
831848,H2020-CS2-,543,59,0.342587
323475,SP1-JTI-CS-,486,53,0.306625
278170,SP1-JTI-CS-,486,53,0.306625
323427,SP1-JTI-CS-,486,53,0.306625
731781,H2020-SESAR-,149,16,0.094006
887240,H2020-CS2-,543,59,0.342587
821297,H2020-CS2-,543,59,0.342587
714246,H2020-CS2-,543,59,0.342587
284881,FP7-AAT-,233,26,0.147003
314180,FP7-AAT-,233,26,0.147003
807087,H2020-IBA-CS2-GAMS-,11,11,0.006940
641543,SP1-JTI-CS-,486,53,0.306625
999902,JTI-CS-,7,7,0.004416
255689,SP1-JTI-CS-,486,53,0.306625
296549,SP1-JTI-CS-,486,53,0.306625
341531,FP7-AAT-,233,26,0.147003
807089,H2020-IBA-CS2-GAMS-,11,11,0.006940
308968,FP7-AAT-,233,26,0.147003
821270,H2020-CS2-,543,59,0.342587
887174,H2020-CS2-,543,59,0.342587
296613,SP1-JTI-CS-,486,53,0.306625
298171,SP1-JTI-CS-,486,53,0.306625
101114815,HORIZON-SESAR-,116,13,0.073186
101140638,HORIZON-JU-Clean-Aviation-,40,15,0.025237
271858,SP1-JTI-CS-,486,53,0.306625
101114805,HORIZON-SESAR-,116,13,0.073186
831751,H2020-CS2-,543,59,0.342587
101286802,HORIZON-SESAR-,116,13,0.073186
270599,SP1-JTI-CS-,486,53,0.306625
323402,SP1-JTI-CS-,486,53,0.306625
755606,H2020-CS2-,543,59,0.342587
278144,SP1-JTI-CS-,486,53,0.306625
101288834,HORIZON-SESAR-,116,13,0.073186
686374,H2020-CS2-,543,59,0.342587
686783,H2020-CS2-,543,59,0.342587
807088,H2020-IBA-CS2-GAMS-,11,11,0.006940
233672,FP7-AAT-,233,26,0.147003
308183,SP1-JTI-CS-,486,53,0.306625
271875,SP1-JTI-CS-,486,53,0.306625
821418,H2020-CS2-,543,59,0.342587
641559,SP1-JTI-CS-,486,53,0.306625
101101955,HORIZON-JU-Clean-Aviation-,40,15,0.025237
680954,H2020-CS2-,543,59,0.342587
255797,SP1-JTI-CS-,486,53,0.306625
999903,JTI-CS-,7,7,0.004416
101007567,H2020-CS2-,543,59,0.342587
255783,SP1-JTI-CS-,486,53,0.306625
737992,H2020-CS2-,543,59,0.342587
323336,SP1-JTI-CS-,486,53,0.306625
101114776,HORIZON-SESAR-,116,13,0.073186
213414,FP7-AAT-,233,26,0.147003
821466,H2020-CS2-,543,59,0.342587
101255537,HORIZON-JU-Clean-Aviation-,40,15,0.025237
314544,FP7-AAT-,233,26,0.147003
820516,H2020-CS2-,543,59,0.342587
892002,H2020-SESAR-,149,16,0.094006
255730,SP1-JTI-CS-,486,53,0.306625
101101946,HORIZON-JU-Clean-Aviation-,40,15,0.025237
101007871,H2020-CS2-,543,59,0.342587
314335,FP7-AAT-,233,26,0.147003
755515,H2020-CS2-,543,59,0.342587
620068,SP1-JTI-CS-,486,53,0.306625
234092,FP7-AAT-,233,26,0.147003
605512,FP7-AAT-,233,26,0.147003
101017626,H2020-SESAR-,149,16,0.094006
641336,SP1-JTI-CS-,486,53,0.306625
945548,H2020-IBA-CS2-GAMS-,11,11,0.006940
886513,H2020-CS2-,543,59,0.342587
101017702,H2020-SESAR-,149,16,0.094006
619992,SP1-JTI-CS-,486,53,0.306625
863418,H2020-CS2-,543,59,0.342587
265416,FP7-AAT-,233,26,0.147003
620094,SP1-JTI-CS-,486,53,0.306625
101101970,HORIZON-JU-Clean-Aviation-,40,15,0.025237
296515,SP1-JTI-CS-,486,53,0.306625
233816,FP7-AAT-,233,26,0.147003
296489,SP1-JTI-CS-,486,53,0.306625
821344,H2020-CS2-,543,59,0.342587
233543,FP7-AAT-,233,26,0.147003
278365,SP1-JTI-CS-,486,53,0.306625
734160,H2020-SESAR-,149,16,0.094006
864911,H2020-CS2-,543,59,0.342587
101288398,HORIZON-SESAR-,116,13,0.073186
255907,SP1-JTI-CS-,486,53,0.306625
101017643,H2020-SESAR-,149,16,0.094006
999906,JTI-CS-,7,7,0.004416
821467,H2020-CS2-,543,59,0.342587
755596,H2020-CS2-,543,59,0.342587
945500,H2020-IBA-CS2-GAMS-,11,11,0.006940
699299,H2020-SESAR-,149,16,0.094006
807097,H2020-IBA-CS2-GAMS-,11,11,0.006940
999901,JTI-CS-,7,7,0.004416
865217,H2020-CS2-,543,59,0.342587
101007948,H2020-CS2-,543,59,0.342587
101287781,HORIZON-SESAR-,116,13,0.073186
267487,SP1-JTI-CS-,486,53,0.306625
716935,H2020-CS2-,543,59,0.342587
763719,H2020-SESAR-,149,16,0.094006
687015,H2020-CS2-,543,59,0.342587
101251523,HORIZON-JU-Clean-Aviation-,40,15,0.025237
234117,FP7-AAT-,233,26,0.147003
783211,H2020-SESAR-,149,16,0.094006
999904,JTI-CS-,7,7,0.004416
821328,H2020-CS2-,543,59,0.342587
323478,SP1-JTI-CS-,486,53,0.306625
287127,SP1-JTI-CS-,486,53,0.306625
785472,H2020-CS2-,543,59,0.342587
864771,H2020-CS2-,543,59,0.342587
687014,H2020-CS2-,543,59,0.342587
101101974,HORIZON-JU-Clean-Aviation-,40,15,0.025237
233805,FP7-AAT-,233,26,0.147003
233772,FP7-AAT-,233,26,0.147003
285681,FP7-AAT-,233,26,0.147003
785407,H2020-CS2-,543,59,0.342587
738039,H2020-CS2-,543,59,0.342587
308914,FP7-AAT-,233,26,0.147003
101288499,HORIZON-SESAR-,116,13,0.073186
271881,SP1-JTI-CS-,486,53,0.306625
101102007,HORIZON-JU-Clean-Aviation-,40,15,0.025237
323543,SP1-JTI-CS-,486,53,0.306625
267651,SP1-JTI-CS-,486,53,0.306625
714486,H2020-CS2-,543,59,0.342587
699340,H2020-SESAR-,149,16,0.094006
754660,H2020-CS2-,543,59,0.342587
266172,FP7-AAT-,233,26,0.147003
255741,SP1-JTI-CS-,486,53,0.306625
325965,SP1-JTI-CS-,486,53,0.306625
